[
{
  "model": "sessions.session",
  "pk": "03eeu252rg2rsyj4b1fpbpn10l22rvy7",
  "fields": {
    "session_data": ".eJxVjMsOwiAQRf-FtSFQGKAu3fsNZJgZpGrapI-V8d-1SRe6veec-1IZt7XlbZE5D6zOyqrT71aQHjLugO843iZN07jOQ9G7og-66OvE8rwc7t9Bw6V9a-oBYvVWhAMF75xINaavFAOgsWBNQo6EZH3pkvfQ9SmwCRHQMVan3h_hHTei:1pIrby:F3qLhgTeSkmZLkw-L9aGt48FbvSzqbCkYOovsWgwrRc",
    "expire_date": "2023-02-03T13:39:18.820Z"
  }
},
{
  "model": "sessions.session",
  "pk": "0u753zs7buuhpw183c6ext4tfxglcpa1",
  "fields": {
    "session_data": ".eJxVjMsOwiAQRf-FtSFQGKAu3fsNZJgZpGrapI-V8d-1SRe6veec-1IZt7XlbZE5D6zOyqrT71aQHjLugO843iZN07jOQ9G7og-66OvE8rwc7t9Bw6V9a-oBYvVWhAMF75xINaavFAOgsWBNQo6EZH3pkvfQ9SmwCRHQMVan3h_hHTei:1pI4XJ:WjcnYjTchLQv7IwOtKvyA9pqBhbWvzjcjQugl2BKAkM",
    "expire_date": "2023-02-01T09:15:13.564Z"
  }
},
{
  "model": "sessions.session",
  "pk": "0u8wlff6dzdciz4jztm1dbdfy5u9tisw",
  "fields": {
    "session_data": ".eJxVjMsOwiAQRf-FtSFQGKAu3fsNZJgZpGrapI-V8d-1SRe6veec-1IZt7XlbZE5D6zOyqrT71aQHjLugO843iZN07jOQ9G7og-66OvE8rwc7t9Bw6V9a-oBYvVWhAMF75xINaavFAOgsWBNQo6EZH3pkvfQ9SmwCRHQMVan3h_hHTei:1pI6H4:E26EYp8EhFHt5iOFHDRI0_GTH13yIxgnKeJCJPHKHeU",
    "expire_date": "2023-02-01T11:06:34.056Z"
  }
},
{
  "model": "sessions.session",
  "pk": "2gg275gpbfrzwo40d7jppdmc3b4f9wn5",
  "fields": {
    "session_data": ".eJxVjMsOwiAQRf-FtSFlSgdw6d5vIDM8pGogKe3K-O_apAvd3nPOfQlP21r81tPi5yjOArQ4_Y5M4ZHqTuKd6q3J0Oq6zCx3RR60y2uL6Xk53L-DQr18a3KUIrg8MY9TQLBpQMoqslIGNVutCUYbEA2YERVFpwYIOgBjBk1WvD8QzDfK:1pKcgx:g9SFpdN-6lBfUQJ-T81YkrUwecUDQQnrSwfYelYKg2U",
    "expire_date": "2023-02-08T10:07:43.753Z"
  }
},
{
  "model": "sessions.session",
  "pk": "2rszt6p6qzfw9mjes9ewmhdwqdhsupnk",
  "fields": {
    "session_data": ".eJxVjMsOwiAQRf-FtSFQGKAu3fsNZJgZpGrapI-V8d-1SRe6veec-1IZt7XlbZE5D6zOyqrT71aQHjLugO843iZN07jOQ9G7og-66OvE8rwc7t9Bw6V9a-oBYvVWhAMF75xINaavFAOgsWBNQo6EZH3pkvfQ9SmwCRHQMVan3h_hHTei:1pJN3m:Awbcrf696SymH-LqWd8R__o-Qdi4oSjK4wtHCss38Tg",
    "expire_date": "2023-02-04T23:14:06.288Z"
  }
},
{
  "model": "sessions.session",
  "pk": "4cxv8qol7xzlrv2bpup6a7ugn2h5h9mz",
  "fields": {
    "session_data": ".eJxVjMsOwiAQRf-FtSFQGKAu3fsNZJgZpGrapI-V8d-1SRe6veec-1IZt7XlbZE5D6zOyqrT71aQHjLugO843iZN07jOQ9G7og-66OvE8rwc7t9Bw6V9a-oBYvVWhAMF75xINaavFAOgsWBNQo6EZH3pkvfQ9SmwCRHQMVan3h_hHTei:1p7zvF:SFt1xSKrcZEcwfzkO9r3G1V8awLKNTCaXvrcqTB8Y80",
    "expire_date": "2023-01-04T14:18:17.737Z"
  }
},
{
  "model": "sessions.session",
  "pk": "4kvi409c8pwuy2z8n2wb1j3ubseyyd7z",
  "fields": {
    "session_data": ".eJxVjMsOwiAQRf-FtSFQGKAu3fsNZJgZpGrapI-V8d-1SRe6veec-1IZt7XlbZE5D6zOyqrT71aQHjLugO843iZN07jOQ9G7og-66OvE8rwc7t9Bw6V9a-oBYvVWhAMF75xINaavFAOgsWBNQo6EZH3pkvfQ9SmwCRHQMVan3h_hHTei:1pI6Rp:RgtO5gEQXGEGsUDgZdI_goGN3CJwdSIMUUNgb5NGbEg",
    "expire_date": "2023-02-01T11:17:41.372Z"
  }
},
{
  "model": "sessions.session",
  "pk": "4sdtt9eg4q80qfe9ccbwq1yn3ztj5plz",
  "fields": {
    "session_data": ".eJxVjMsOwiAQRf-FtSFQGKAu3fsNZJgZpGrapI-V8d-1SRe6veec-1IZt7XlbZE5D6zOyqrT71aQHjLugO843iZN07jOQ9G7og-66OvE8rwc7t9Bw6V9a-oBYvVWhAMF75xINaavFAOgsWBNQo6EZH3pkvfQ9SmwCRHQMVan3h_hHTei:1pI5M7:N6ONB-iF24EMv2p5jSt_H0VF6P_m_Pz3FhIVUdGctH4",
    "expire_date": "2023-02-01T10:07:43.836Z"
  }
},
{
  "model": "sessions.session",
  "pk": "58sz9g7vjo53ze8xu3e97k5ip752fp7k",
  "fields": {
    "session_data": ".eJxVjEEOwiAQRe_C2hAGnAFcuu8ZCANEqgaS0q6Md9cmXej2v_f-S4S4rTVsoyxhzuIitBOn35FjepS2k3yP7dZl6m1dZpa7Ig865NRzeV4P9--gxlG_tdWJCoFDxZAxFatZeYPZEgAZq9WZCVF51mx9ScgaiKNj6wxG8CjeH-FDNuc:1pKcvw:l2o2IeqqRlkVvlULyUiqFMzYNXC4pvRzIZrtE_parOc",
    "expire_date": "2023-02-08T10:23:12.863Z"
  }
},
{
  "model": "sessions.session",
  "pk": "5byrcw8imefcp7hame21atime0bgwj6k",
  "fields": {
    "session_data": ".eJxVjMsOwiAQRf-FtSFQGKAu3fsNZJgZpGrapI-V8d-1SRe6veec-1IZt7XlbZE5D6zOyqrT71aQHjLugO843iZN07jOQ9G7og-66OvE8rwc7t9Bw6V9a-oBYvVWhAMF75xINaavFAOgsWBNQo6EZH3pkvfQ9SmwCRHQMVan3h_hHTei:1pI5RJ:QI22QdMTj5XpbHq7S4tDYEJjwVRxa0GpLjOHieJGOVc",
    "expire_date": "2023-02-01T10:13:05.806Z"
  }
},
{
  "model": "sessions.session",
  "pk": "5lwn5zxe64vq8toa6p4a97um7mamdn8x",
  "fields": {
    "session_data": ".eJxVjMsOwiAQRf-FtSFQGKAu3fsNZJgZpGrapI-V8d-1SRe6veec-1IZt7XlbZE5D6zOyqrT71aQHjLugO843iZN07jOQ9G7og-66OvE8rwc7t9Bw6V9a-oBYvVWhAMF75xINaavFAOgsWBNQo6EZH3pkvfQ9SmwCRHQMVan3h_hHTei:1pKSKb:H8IKwBXMwSICdi9kH02tNmMnIi0kVt1L64Qiq1asx9I",
    "expire_date": "2023-02-07T23:03:57.958Z"
  }
},
{
  "model": "sessions.session",
  "pk": "608qfufb1jaz53x7o2tyjg2g7maecdva",
  "fields": {
    "session_data": ".eJxVjMsOwiAQRf-FtSFQGKAu3fsNZJgZpGrapI-V8d-1SRe6veec-1IZt7XlbZE5D6zOyqrT71aQHjLugO843iZN07jOQ9G7og-66OvE8rwc7t9Bw6V9a-oBYvVWhAMF75xINaavFAOgsWBNQo6EZH3pkvfQ9SmwCRHQMVan3h_hHTei:1pDseA:05CPD8_I53NSDvX7_9lj0krKde8OUAYuahOWxsQZECo",
    "expire_date": "2023-01-20T19:44:58.446Z"
  }
},
{
  "model": "sessions.session",
  "pk": "63jlvia5sgpsnzotv59scex0jdes6f8p",
  "fields": {
    "session_data": ".eJxVjMsOwiAQRf-FtSHDu7h07zeQgQGpGkhKuzL-uzbpQrf3nHNfLOC21rCNvISZ2JlJxU6_Y8T0yG0ndMd26zz1ti5z5LvCDzr4tVN-Xg7376DiqN8aNBQoXnrpfHLSGw0IWZIXQDZS1hOgLZAVCIXaahSlOGOKEVMUCMDeH-IdNys:1pKceB:YgCNXE6D_5lHY-M6kKE6vJVdEKNV1a_fUlGV29CEMTM",
    "expire_date": "2023-02-08T10:04:51.442Z"
  }
},
{
  "model": "sessions.session",
  "pk": "663b2qtp2zmnq1pt7x9yyv468bdcriri",
  "fields": {
    "session_data": ".eJxVjMsOwiAQRf-FtSFQGKAu3fsNZJgZpGrapI-V8d-1SRe6veec-1IZt7XlbZE5D6zOyqrT71aQHjLugO843iZN07jOQ9G7og-66OvE8rwc7t9Bw6V9a-oBYvVWhAMF75xINaavFAOgsWBNQo6EZH3pkvfQ9SmwCRHQMVan3h_hHTei:1pI4e9:idozRfAbpqrislmGfqsidALb16nobC1QV2FeTbzKWWg",
    "expire_date": "2023-02-01T09:22:17.583Z"
  }
},
{
  "model": "sessions.session",
  "pk": "7fk7ddiik9bqj45uwy8rjfr6j4b5x8v9",
  "fields": {
    "session_data": ".eJxVjMsOwiAQRf-FtSFQGKAu3fsNZJgZpGrapI-V8d-1SRe6veec-1IZt7XlbZE5D6zOyqrT71aQHjLugO843iZN07jOQ9G7og-66OvE8rwc7t9Bw6V9a-oBYvVWhAMF75xINaavFAOgsWBNQo6EZH3pkvfQ9SmwCRHQMVan3h_hHTei:1pHuYJ:yXCOGls2DEGJzg6K-QMg_Tm1heiVjoGFfmT4o5IJp70",
    "expire_date": "2023-01-31T22:35:35.575Z"
  }
},
{
  "model": "sessions.session",
  "pk": "7iwqa548bu92ywy7cp0ggfr4r4spzpig",
  "fields": {
    "session_data": ".eJxVjMsOwiAQRf-FtSFQGKAu3fsNZJgZpGrapI-V8d-1SRe6veec-1IZt7XlbZE5D6zOyqrT71aQHjLugO843iZN07jOQ9G7og-66OvE8rwc7t9Bw6V9a-oBYvVWhAMF75xINaavFAOgsWBNQo6EZH3pkvfQ9SmwCRHQMVan3h_hHTei:1pIEFN:LgCcKqU5fk3Ke2NuF6b-RH3AKIAksnfacvfjsQ_W1fY",
    "expire_date": "2023-02-01T19:37:21.185Z"
  }
},
{
  "model": "sessions.session",
  "pk": "8daehl7nvx24g790t4f3c7nf30ib3tub",
  "fields": {
    "session_data": ".eJxVjMsOwiAQRf-FtSFQGKAu3fsNZJgZpGrapI-V8d-1SRe6veec-1IZt7XlbZE5D6zOyqrT71aQHjLugO843iZN07jOQ9G7og-66OvE8rwc7t9Bw6V9a-oBYvVWhAMF75xINaavFAOgsWBNQo6EZH3pkvfQ9SmwCRHQMVan3h_hHTei:1pI6YC:K9ygHHfY9OSnl2zSEiluL6z2g6WIkCBbfR3h7oC2JaU",
    "expire_date": "2023-02-01T11:24:16.989Z"
  }
},
{
  "model": "sessions.session",
  "pk": "8pxow9jl4vpbguwhwm2swaqft2s7vk3p",
  "fields": {
    "session_data": ".eJxVjMsOwiAQRf-FtSFQGKAu3fsNZJgZpGrapI-V8d-1SRe6veec-1IZt7XlbZE5D6zOyqrT71aQHjLugO843iZN07jOQ9G7og-66OvE8rwc7t9Bw6V9a-oBYvVWhAMF75xINaavFAOgsWBNQo6EZH3pkvfQ9SmwCRHQMVan3h_hHTei:1pI6o0:Y9YjB5shfn8perVWDmWvh1ditJydZGNcAW5NW3-MReQ",
    "expire_date": "2023-02-01T11:40:36.218Z"
  }
},
{
  "model": "sessions.session",
  "pk": "9fd4ue81igq6licdlpcvkfo37215h0oi",
  "fields": {
    "session_data": ".eJxVjMsOwiAQRf-FtSFQGKAu3fsNZJgZpGrapI-V8d-1SRe6veec-1IZt7XlbZE5D6zOyqrT71aQHjLugO843iZN07jOQ9G7og-66OvE8rwc7t9Bw6V9a-oBYvVWhAMF75xINaavFAOgsWBNQo6EZH3pkvfQ9SmwCRHQMVan3h_hHTei:1p7z5l:mJtPikGCKKRzsBChrRXzLMFEIVFotc2iIQUnsZRWjrQ",
    "expire_date": "2023-01-04T13:25:05.305Z"
  }
},
{
  "model": "sessions.session",
  "pk": "adg8sxq2yww6t9xryt8akvuqcbkkiq4w",
  "fields": {
    "session_data": ".eJxVjMsOwiAQRf-FtSFQGKAu3fsNZJgZpGrapI-V8d-1SRe6veec-1IZt7XlbZE5D6zOyqrT71aQHjLugO843iZN07jOQ9G7og-66OvE8rwc7t9Bw6V9a-oBYvVWhAMF75xINaavFAOgsWBNQo6EZH3pkvfQ9SmwCRHQMVan3h_hHTei:1pI5Th:UYV0gj2bHvT1Vs-HYXDEEpTVC4whRXkvQoTXyGjqhv0",
    "expire_date": "2023-02-01T10:15:33.347Z"
  }
},
{
  "model": "sessions.session",
  "pk": "b0lf2qkio16622ue7hgcjzx45p0hfuff",
  "fields": {
    "session_data": ".eJxVjMsOwiAQRf-FtSFQGKAu3fsNZJgZpGrapI-V8d-1SRe6veec-1IZt7XlbZE5D6zOyqrT71aQHjLugO843iZN07jOQ9G7og-66OvE8rwc7t9Bw6V9a-oBYvVWhAMF75xINaavFAOgsWBNQo6EZH3pkvfQ9SmwCRHQMVan3h_hHTei:1pI5KD:AHccP4iYxVgLdUuANlyIHzK6dzgSP45ntpUxpL25_rc",
    "expire_date": "2023-02-01T10:05:45.412Z"
  }
},
{
  "model": "sessions.session",
  "pk": "b0o7z25qvj8b6eicwqrwz19yn2tagi41",
  "fields": {
    "session_data": ".eJxVjMsOwiAQRf-FtSFQGKAu3fsNZJgZpGrapI-V8d-1SRe6veec-1IZt7XlbZE5D6zOyqrT71aQHjLugO843iZN07jOQ9G7og-66OvE8rwc7t9Bw6V9a-oBYvVWhAMF75xINaavFAOgsWBNQo6EZH3pkvfQ9SmwCRHQMVan3h_hHTei:1pI5Om:oIegbmr2dlLfsVXiK1s6rfCkmtYkx1ikcQ1uA_JOkno",
    "expire_date": "2023-02-01T10:10:28.543Z"
  }
},
{
  "model": "sessions.session",
  "pk": "b4rak66n1e0ryl83ahlsnjp7ud33uf1y",
  "fields": {
    "session_data": ".eJxVjMsOwiAQRf-FtSFQGKAu3fsNZJgZpGrapI-V8d-1SRe6veec-1IZt7XlbZE5D6zOyqrT71aQHjLugO843iZN07jOQ9G7og-66OvE8rwc7t9Bw6V9a-oBYvVWhAMF75xINaavFAOgsWBNQo6EZH3pkvfQ9SmwCRHQMVan3h_hHTei:1p7zZn:a07RPm1zhQJJtSdVYw-MVL_CKsxVRzg-lx9Jb_Dv8U4",
    "expire_date": "2023-01-04T13:56:07.906Z"
  }
},
{
  "model": "sessions.session",
  "pk": "be9d1rw87z751dskowhf46vliov397fv",
  "fields": {
    "session_data": ".eJxVjMsOwiAQRf-FtSFQGKAu3fsNZJgZpGrapI-V8d-1SRe6veec-1IZt7XlbZE5D6zOyqrT71aQHjLugO843iZN07jOQ9G7og-66OvE8rwc7t9Bw6V9a-oBYvVWhAMF75xINaavFAOgsWBNQo6EZH3pkvfQ9SmwCRHQMVan3h_hHTei:1pDsgH:XqspyLcbdXjNt1uWmp2Pj4LmKmaqwLMyYh3bvAlRrE8",
    "expire_date": "2023-01-20T19:47:09.675Z"
  }
},
{
  "model": "sessions.session",
  "pk": "bjdb6axixjshk8eemoyw5czx2uz7c3du",
  "fields": {
    "session_data": ".eJxVjMsOwiAQRf-FtSFQGKAu3fsNZJgZpGrapI-V8d-1SRe6veec-1IZt7XlbZE5D6zOyqrT71aQHjLugO843iZN07jOQ9G7og-66OvE8rwc7t9Bw6V9a-oBYvVWhAMF75xINaavFAOgsWBNQo6EZH3pkvfQ9SmwCRHQMVan3h_hHTei:1pI6hd:txqC0c22r46vlRkVAC0geJze5mlaMXkMMbfJzmOr8pI",
    "expire_date": "2023-02-01T11:34:01.357Z"
  }
},
{
  "model": "sessions.session",
  "pk": "ccvqpt1axhprd785ovmbi3l5atisxeqt",
  "fields": {
    "session_data": ".eJxVjMsOwiAQRf-FtSFQGKAu3fsNZJgZpGrapI-V8d-1SRe6veec-1IZt7XlbZE5D6zOyqrT71aQHjLugO843iZN07jOQ9G7og-66OvE8rwc7t9Bw6V9a-oBYvVWhAMF75xINaavFAOgsWBNQo6EZH3pkvfQ9SmwCRHQMVan3h_hHTei:1pI6Nh:r0tcuYqW-Orhi0uvMx0yLGYw8yYtkpv3vyEJq5wu7Bg",
    "expire_date": "2023-02-01T11:13:25.495Z"
  }
},
{
  "model": "sessions.session",
  "pk": "cicdv4avowtuvwqxblkjchvk5n5w3n6b",
  "fields": {
    "session_data": ".eJxVjM0OwiAQhN-FsyGQ5Uc8evcZyC5LpWogKe3J-O7SpAe9zcw3M28RcVtL3Hpe4sziIqw4_WaE6ZnrDviB9d5kanVdZpJ7RR60y1vj_Loe3b-Dgr2MNSJkA2DB6MDJhxRIe56YvVOTNkBsMpB3Q5NnBHVW2aZhPbkUAMXnC-3AODM:1p7yw3:dsE9QBN5lxXa4ojrx4nQ4vc5z-3GXF8OiL2bf3EtjVs",
    "expire_date": "2023-01-04T13:15:03.446Z"
  }
},
{
  "model": "sessions.session",
  "pk": "cq2l7rs8cghjug7scq4ag3sah00d7rgo",
  "fields": {
    "session_data": ".eJxVjMsOwiAQRf-FtSFQGKAu3fsNZJgZpGrapI-V8d-1SRe6veec-1IZt7XlbZE5D6zOyqrT71aQHjLugO843iZN07jOQ9G7og-66OvE8rwc7t9Bw6V9a-oBYvVWhAMF75xINaavFAOgsWBNQo6EZH3pkvfQ9SmwCRHQMVan3h_hHTei:1p7yQA:0Rcfp7QhPEufqC-9d_aUhO_PEjuiqgPmbd2lDjl6Pf4",
    "expire_date": "2023-01-04T12:42:06.934Z"
  }
},
{
  "model": "sessions.session",
  "pk": "d7x6cn09ym1fqbd8h6ta01g5oidgwuwx",
  "fields": {
    "session_data": ".eJxVjEEOwiAQAP_C2ZCyC2zx6N03kGVBqZo2Ke3J-HdD0oNeZybzVpH3rca9lTVOWZ0VDur0CxPLs8zd5AfP90XLMm_rlHRP9GGbvi65vC5H-zeo3Gr_-gDA3jKKp5s4JoOGbUIEtmHA5Gm0YsCFkkaQFCQ7sJIJkIipqM8X5gs3bQ:1pKdBd:BzrE_V-KvFqpELpwEWNz13LQ_KUR3HgHlWc5-BG7rjE",
    "expire_date": "2023-02-08T10:39:25.394Z"
  }
},
{
  "model": "sessions.session",
  "pk": "dakgxg3osnz7005dks6tsi0xxzoqopz6",
  "fields": {
    "session_data": ".eJxVjMsOwiAQRf-FtSFQGKAu3fsNZJgZpGrapI-V8d-1SRe6veec-1IZt7XlbZE5D6zOyqrT71aQHjLugO843iZN07jOQ9G7og-66OvE8rwc7t9Bw6V9a-oBYvVWhAMF75xINaavFAOgsWBNQo6EZH3pkvfQ9SmwCRHQMVan3h_hHTei:1pI5Mg:6zWHy79lfaWjV3xLY8y1qrskvapVm7xBtQPli9p2IL8",
    "expire_date": "2023-02-01T10:08:18.368Z"
  }
},
{
  "model": "sessions.session",
  "pk": "e27mddcyofsq8ww8df11gyyj8gu1ic0s",
  "fields": {
    "session_data": ".eJxVjMsOwiAQRf-FtSFQGKAu3fsNZJgZpGrapI-V8d-1SRe6veec-1IZt7XlbZE5D6zOyqrT71aQHjLugO843iZN07jOQ9G7og-66OvE8rwc7t9Bw6V9a-oBYvVWhAMF75xINaavFAOgsWBNQo6EZH3pkvfQ9SmwCRHQMVan3h_hHTei:1p7zT4:CoPejPvN1G_71OOYDOlWmNk842KQQ5Ni4HPi4TK7b8E",
    "expire_date": "2023-01-04T13:49:10.416Z"
  }
},
{
  "model": "sessions.session",
  "pk": "e7ghmesbqc95livsdmet2xrkdb31e0ra",
  "fields": {
    "session_data": ".eJxVjMsOwiAQRf-FtSFQGKAu3fsNZJgZpGrapI-V8d-1SRe6veec-1IZt7XlbZE5D6zOyqrT71aQHjLugO843iZN07jOQ9G7og-66OvE8rwc7t9Bw6V9a-oBYvVWhAMF75xINaavFAOgsWBNQo6EZH3pkvfQ9SmwCRHQMVan3h_hHTei:1pCkub:sdaPZKXs34AFOhB0AzpKNSMHQY56_-HbmuwV5kNgDMo",
    "expire_date": "2023-01-17T17:17:17.254Z"
  }
},
{
  "model": "sessions.session",
  "pk": "eru7pw1ncf0j3w7xq5w10brc5tjwmp1k",
  "fields": {
    "session_data": ".eJxVjDsOwjAQBe_iGlm76_gDJX3OYNnrNQ6gRMqnQtwdIqWA9s3Me6mYtrXFbZE5DkVdFKE6_Y458UPGnZR7Gm-T5mlc5yHrXdEHXXQ_FXleD_fvoKWlfevMJgkYNLUCI1gqSKGyq2CdsAlnADTQoWMWIk9OXPCBOjS22s5b9f4A9ao2zw:1pKcWb:saMBDLaXJS1acTyGOJTIW1FukjqNVUJ8PuNUB0N9JYA",
    "expire_date": "2023-02-08T09:57:01.098Z"
  }
},
{
  "model": "sessions.session",
  "pk": "f4miwfvru4ze3n0f8j0auu9c65icn31v",
  "fields": {
    "session_data": ".eJxVjMsOwiAQRf-FtSFQGKAu3fsNZJgZpGrapI-V8d-1SRe6veec-1IZt7XlbZE5D6zOyqrT71aQHjLugO843iZN07jOQ9G7og-66OvE8rwc7t9Bw6V9a-oBYvVWhAMF75xINaavFAOgsWBNQo6EZH3pkvfQ9SmwCRHQMVan3h_hHTei:1pIH8v:KspRVUB6XG6IoIJUH1zAs1G2zDPvKM5g4k4SdaT4bZo",
    "expire_date": "2023-02-01T22:42:53.539Z"
  }
},
{
  "model": "sessions.session",
  "pk": "f8lf29zf3pl9lxymk06g1m6o16eeux36",
  "fields": {
    "session_data": ".eJxVjEEOwiAURO_C2hCghYJL9z0D4fP5UjWQlHZlvLs06UJ3k5n35s182Lfs95ZWvyC7MiXY5beEEJ-pHAs-QrlXHmvZ1gX4gfBzbXyumF63k_07yKHlbk8mEZAAZ62VytGkTJfHNGqKaJF6MAQKFSIJHY1KYiAnJWg9GB2Rfb4oRzjV:1pKdGe:QAgTr0eAg5BEU5iy7UQSNdv0-fDeIed_YuvVMxXaA3c",
    "expire_date": "2023-02-08T10:44:36.870Z"
  }
},
{
  "model": "sessions.session",
  "pk": "fcldyv8rn1e52umpsnl7ay8m73ee60ul",
  "fields": {
    "session_data": ".eJxVjMsOwiAQRf-FtSFQGKAu3fsNZJgZpGrapI-V8d-1SRe6veec-1IZt7XlbZE5D6zOyqrT71aQHjLugO843iZN07jOQ9G7og-66OvE8rwc7t9Bw6V9a-oBYvVWhAMF75xINaavFAOgsWBNQo6EZH3pkvfQ9SmwCRHQMVan3h_hHTei:1p80g0:5gf73DlzxjHLeVldy1Y3A2dbPHonXfaAM-s-kTF72cU",
    "expire_date": "2023-01-04T15:06:36.456Z"
  }
},
{
  "model": "sessions.session",
  "pk": "fhg4kk9fwrk3yiuxd6363h82bhick932",
  "fields": {
    "session_data": ".eJxVjMsOwiAQRf-FtSFQGKAu3fsNZJgZpGrapI-V8d-1SRe6veec-1IZt7XlbZE5D6zOyqrT71aQHjLugO843iZN07jOQ9G7og-66OvE8rwc7t9Bw6V9a-oBYvVWhAMF75xINaavFAOgsWBNQo6EZH3pkvfQ9SmwCRHQMVan3h_hHTei:1pI6KN:zbMRccsovMqGe0HZHfwCsSyvuXVQ6MtSgInftOAq8Rg",
    "expire_date": "2023-02-01T11:09:59.316Z"
  }
},
{
  "model": "sessions.session",
  "pk": "fv7g7j0xxp0u6gnc5kgcpi40gtm9cd8c",
  "fields": {
    "session_data": ".eJxVjMsOwiAQRf-FtSFQGKAu3fsNZJgZpGrapI-V8d-1SRe6veec-1IZt7XlbZE5D6zOyqrT71aQHjLugO843iZN07jOQ9G7og-66OvE8rwc7t9Bw6V9a-oBYvVWhAMF75xINaavFAOgsWBNQo6EZH3pkvfQ9SmwCRHQMVan3h_hHTei:1pI68F:BLXqfipRKgdoiFQy_F665twHtDfaRp0HnSNJs3zggRM",
    "expire_date": "2023-02-01T10:57:27.194Z"
  }
},
{
  "model": "sessions.session",
  "pk": "g3op3xrr5cktd3t1q69921apjeooy2h2",
  "fields": {
    "session_data": ".eJxVjMsOwiAQRf-FtSFQGKAu3fsNZJgZpGrapI-V8d-1SRe6veec-1IZt7XlbZE5D6zOyqrT71aQHjLugO843iZN07jOQ9G7og-66OvE8rwc7t9Bw6V9a-oBYvVWhAMF75xINaavFAOgsWBNQo6EZH3pkvfQ9SmwCRHQMVan3h_hHTei:1pI5IE:HADBrHfQVEcxI7ZLKo-2A1ISiIPMYM74nYPTLHcTWwM",
    "expire_date": "2023-02-01T10:03:42.082Z"
  }
},
{
  "model": "sessions.session",
  "pk": "g5i1zib7yoaxn8whdondro2vf3zf85gz",
  "fields": {
    "session_data": ".eJxVjMsOwiAQRf-FtSFQGKAu3fsNZJgZpGrapI-V8d-1SRe6veec-1IZt7XlbZE5D6zOyqrT71aQHjLugO843iZN07jOQ9G7og-66OvE8rwc7t9Bw6V9a-oBYvVWhAMF75xINaavFAOgsWBNQo6EZH3pkvfQ9SmwCRHQMVan3h_hHTei:1pI5tX:I4OenpcgcAJxDRJEpcYe439lKao1ZlyT7-x9a_msc6o",
    "expire_date": "2023-02-01T10:42:15.242Z"
  }
},
{
  "model": "sessions.session",
  "pk": "g9l5luf03ob6gdajzh9cb6pb173ztjx3",
  "fields": {
    "session_data": ".eJxVjMsOwiAQRf-FtSFQGKAu3fsNZJgZpGrapI-V8d-1SRe6veec-1IZt7XlbZE5D6zOyqrT71aQHjLugO843iZN07jOQ9G7og-66OvE8rwc7t9Bw6V9a-oBYvVWhAMF75xINaavFAOgsWBNQo6EZH3pkvfQ9SmwCRHQMVan3h_hHTei:1oqEbG:MHNt5y0Y0wGm_MzdB5C_bi951Fg5rfz7uTXjKBNmIQ0",
    "expire_date": "2022-11-16T14:20:14.571Z"
  }
},
{
  "model": "sessions.session",
  "pk": "gfds3j3kxpdvy8d2refenyfe73t7gayj",
  "fields": {
    "session_data": ".eJxVjMsOwiAQRf-FtSFQGKAu3fsNZJgZpGrapI-V8d-1SRe6veec-1IZt7XlbZE5D6zOyqrT71aQHjLugO843iZN07jOQ9G7og-66OvE8rwc7t9Bw6V9a-oBYvVWhAMF75xINaavFAOgsWBNQo6EZH3pkvfQ9SmwCRHQMVan3h_hHTei:1pIIQR:TtZpr_GQOUh74NNMeu9rsxFBYaFRwqQG4msII0XBJrY",
    "expire_date": "2023-02-02T00:05:03.369Z"
  }
},
{
  "model": "sessions.session",
  "pk": "gi1szvgeq3zq5j88vxteijxccnqdd54n",
  "fields": {
    "session_data": ".eJxVjMsOwiAQRf-FtSFQGKAu3fsNZJgZpGrapI-V8d-1SRe6veec-1IZt7XlbZE5D6zOyqrT71aQHjLugO843iZN07jOQ9G7og-66OvE8rwc7t9Bw6V9a-oBYvVWhAMF75xINaavFAOgsWBNQo6EZH3pkvfQ9SmwCRHQMVan3h_hHTei:1pI6YX:hzwE-rxCeOZuFMddYfzMXhStIf2L4moupEd03d3M9Io",
    "expire_date": "2023-02-01T11:24:37.738Z"
  }
},
{
  "model": "sessions.session",
  "pk": "h9mj3ghkrea0t8g0pbqqrwr784tgddo5",
  "fields": {
    "session_data": ".eJxVjMsOwiAQRf-FtSFQGKAu3fsNZJgZpGrapI-V8d-1SRe6veec-1IZt7XlbZE5D6zOyqrT71aQHjLugO843iZN07jOQ9G7og-66OvE8rwc7t9Bw6V9a-oBYvVWhAMF75xINaavFAOgsWBNQo6EZH3pkvfQ9SmwCRHQMVan3h_hHTei:1pKRGN:n_DShySUKRx49We-1Vcgt0fbUZXoCGjQ8VQW7g7bnvs",
    "expire_date": "2023-02-07T21:55:31.310Z"
  }
},
{
  "model": "sessions.session",
  "pk": "hxub05dx3tb6mkw4zy40np7isn32r3j1",
  "fields": {
    "session_data": ".eJxVjMsOwiAQRf-FtSFQGKAu3fsNZJgZpGrapI-V8d-1SRe6veec-1IZt7XlbZE5D6zOyqrT71aQHjLugO843iZN07jOQ9G7og-66OvE8rwc7t9Bw6V9a-oBYvVWhAMF75xINaavFAOgsWBNQo6EZH3pkvfQ9SmwCRHQMVan3h_hHTei:1pKdiE:rVXDNufJQJr9-P-UVsSEeKvxpyuxJjZyuBsx8y2rFc0",
    "expire_date": "2023-02-08T11:13:06.002Z"
  }
},
{
  "model": "sessions.session",
  "pk": "i0c4l8h2fhki4ugrzbdlau50gvbzjygb",
  "fields": {
    "session_data": ".eJxVjMEOwiAQRP-FsyFAYbf16N1vaBYWpGogKe3J-O9K0oOeJpn3Zl5ipn3L897iOi8szsI4cfotPYVHLJ3wncqtylDLti5edkUetMlr5fi8HO7fQaaW-zr4ITKgSsnzAMoBTszkKBpwpBUGY4GdRpumBDBa1ogI37AmOTWK9wcdfTe4:1pKckU:Nj_efYIvvrPJFWtQahie22T_mNZZS44WfG7nVZsPtt0",
    "expire_date": "2023-02-08T10:11:22.108Z"
  }
},
{
  "model": "sessions.session",
  "pk": "ij2pv7qblkwg17y98gdjn106tflhb4qb",
  "fields": {
    "session_data": ".eJxVjMsOwiAQRf-FtSFQGKAu3fsNZJgZpGrapI-V8d-1SRe6veec-1IZt7XlbZE5D6zOyqrT71aQHjLugO843iZN07jOQ9G7og-66OvE8rwc7t9Bw6V9a-oBYvVWhAMF75xINaavFAOgsWBNQo6EZH3pkvfQ9SmwCRHQMVan3h_hHTei:1pI5JS:z5KMLt01rDHvb3T2IpxjSh0wfcRM5Hf0YZ-0pQBMR88",
    "expire_date": "2023-02-01T10:04:58.114Z"
  }
},
{
  "model": "sessions.session",
  "pk": "jfs3jqctii6cz4ofa8jn2au0fmoqm4bk",
  "fields": {
    "session_data": ".eJxVjMsOwiAQRf-FtSFQGKAu3fsNZJgZpGrapI-V8d-1SRe6veec-1IZt7XlbZE5D6zOyqrT71aQHjLugO843iZN07jOQ9G7og-66OvE8rwc7t9Bw6V9a-oBYvVWhAMF75xINaavFAOgsWBNQo6EZH3pkvfQ9SmwCRHQMVan3h_hHTei:1pI5xM:7GLGB1d_xNspPYw_D15C4E7VIgVyLPhhtGbFngELKuc",
    "expire_date": "2023-02-01T10:46:12.202Z"
  }
},
{
  "model": "sessions.session",
  "pk": "jshrijzonljtbamqcul8mfa5k44c4hux",
  "fields": {
    "session_data": ".eJxVjMsOwiAQRf-FtSFQGKAu3fsNZJgZpGrapI-V8d-1SRe6veec-1IZt7XlbZE5D6zOyqrT71aQHjLugO843iZN07jOQ9G7og-66OvE8rwc7t9Bw6V9a-oBYvVWhAMF75xINaavFAOgsWBNQo6EZH3pkvfQ9SmwCRHQMVan3h_hHTei:1pI5M6:g7TpLO-pULLzfzWO6VmKk28Dln639jl3Q9h-nKQBFF8",
    "expire_date": "2023-02-01T10:07:42.506Z"
  }
},
{
  "model": "sessions.session",
  "pk": "jwrpx8ivrqgv8ep4b7eqdqf2rwoebol0",
  "fields": {
    "session_data": ".eJxVjM0OwiAQhN-FsyGQ5Uc8evcZyC5LpWogKe3J-O7SpAe9zcw3M28RcVtL3Hpe4sziIqw4_WaE6ZnrDviB9d5kanVdZpJ7RR60y1vj_Loe3b-Dgr2MNSJkA2DB6MDJhxRIe56YvVOTNkBsMpB3Q5NnBHVW2aZhPbkUAMXnC-3AODM:1p7yxV:y9lJkKVaGeLqyyC91JPFljvIOhTnj8xPSg69R1BmU7E",
    "expire_date": "2023-01-04T13:16:33.443Z"
  }
},
{
  "model": "sessions.session",
  "pk": "jwxd4j3zl11yv8t42lq6ilic19qxkmzg",
  "fields": {
    "session_data": ".eJxVjMsOwiAQRf-FtSFQGKAu3fsNZJgZpGrapI-V8d-1SRe6veec-1IZt7XlbZE5D6zOyqrT71aQHjLugO843iZN07jOQ9G7og-66OvE8rwc7t9Bw6V9a-oBYvVWhAMF75xINaavFAOgsWBNQo6EZH3pkvfQ9SmwCRHQMVan3h_hHTei:1pI6g7:Qq--cZAC4WPkzKfj2oXvgOXaWMZjd34rgvIESP68UGw",
    "expire_date": "2023-02-01T11:32:27.242Z"
  }
},
{
  "model": "sessions.session",
  "pk": "k5ba1al5xrr982e72fj8j0ztb7c082w1",
  "fields": {
    "session_data": ".eJxVjMsOwiAQRf-FtSFQGKAu3fsNZJgZpGrapI-V8d-1SRe6veec-1IZt7XlbZE5D6zOyqrT71aQHjLugO843iZN07jOQ9G7og-66OvE8rwc7t9Bw6V9a-oBYvVWhAMF75xINaavFAOgsWBNQo6EZH3pkvfQ9SmwCRHQMVan3h_hHTei:1pI5NX:-Ddn54z27bzyupi1F5GaDn1iL8oGgtdydG-HJFA6B7M",
    "expire_date": "2023-02-01T10:09:11.836Z"
  }
},
{
  "model": "sessions.session",
  "pk": "k63037q5c3xlfwlyhc9xdhsra96svyrz",
  "fields": {
    "session_data": ".eJxVjMsOwiAQRf-FtSFQGKAu3fsNZJgZpGrapI-V8d-1SRe6veec-1IZt7XlbZE5D6zOyqrT71aQHjLugO843iZN07jOQ9G7og-66OvE8rwc7t9Bw6V9a-oBYvVWhAMF75xINaavFAOgsWBNQo6EZH3pkvfQ9SmwCRHQMVan3h_hHTei:1pKI8b:gR1WLu2-CBS8vAe0f4w1Q1ruHaury7wyl4PImB0WZQ8",
    "expire_date": "2023-02-07T12:10:53.436Z"
  }
},
{
  "model": "sessions.session",
  "pk": "kihm7e45827zz3d3xxipo5i9f3cxylvw",
  "fields": {
    "session_data": ".eJxVjMsOwiAQRf-FtSFQGKAu3fsNZJgZpGrapI-V8d-1SRe6veec-1IZt7XlbZE5D6zOyqrT71aQHjLugO843iZN07jOQ9G7og-66OvE8rwc7t9Bw6V9a-oBYvVWhAMF75xINaavFAOgsWBNQo6EZH3pkvfQ9SmwCRHQMVan3h_hHTei:1pKbPa:BkYixZRp_AZZgvgkziWXx_mXdnR5Lq_l-wBUIO4762Q",
    "expire_date": "2023-02-08T08:45:42.839Z"
  }
},
{
  "model": "sessions.session",
  "pk": "kkxfwprxkezuuklslav4buo8b14kj50k",
  "fields": {
    "session_data": ".eJxVjMsOwiAQRf-FtSFQGKAu3fsNZJgZpGrapI-V8d-1SRe6veec-1IZt7XlbZE5D6zOyqrT71aQHjLugO843iZN07jOQ9G7og-66OvE8rwc7t9Bw6V9a-oBYvVWhAMF75xINaavFAOgsWBNQo6EZH3pkvfQ9SmwCRHQMVan3h_hHTei:1pKdIv:ecLQmxXavcCEVu7zNtObWRssuvxvwbu75kZCXx4Rk_w",
    "expire_date": "2023-02-08T10:46:57.770Z"
  }
},
{
  "model": "sessions.session",
  "pk": "ks2dd8vfodl1o0wt0ejomyv6ljahppri",
  "fields": {
    "session_data": ".eJxVjMsOwiAQRf-FtSFQGKAu3fsNZJgZpGrapI-V8d-1SRe6veec-1IZt7XlbZE5D6zOyqrT71aQHjLugO843iZN07jOQ9G7og-66OvE8rwc7t9Bw6V9a-oBYvVWhAMF75xINaavFAOgsWBNQo6EZH3pkvfQ9SmwCRHQMVan3h_hHTei:1pDpPW:ZvtAYQj2B7W-YXpxkjQgqGT97uZpNSB0hYUytIcDbI0",
    "expire_date": "2023-01-20T16:17:38.261Z"
  }
},
{
  "model": "sessions.session",
  "pk": "kx5hdq1eexgg9ifiz7c0fh4653vhupsk",
  "fields": {
    "session_data": ".eJxVjMsOwiAQRf-FtSFQGKAu3fsNZJgZpGrapI-V8d-1SRe6veec-1IZt7XlbZE5D6zOyqrT71aQHjLugO843iZN07jOQ9G7og-66OvE8rwc7t9Bw6V9a-oBYvVWhAMF75xINaavFAOgsWBNQo6EZH3pkvfQ9SmwCRHQMVan3h_hHTei:1pI66r:bO7yTDqwW4czLgwILGA_YJYhSrL0iiwbrfbXfDVUAKM",
    "expire_date": "2023-02-01T10:56:01.308Z"
  }
},
{
  "model": "sessions.session",
  "pk": "no5xer9lejafzxl6m10kmv1krzdr5j2m",
  "fields": {
    "session_data": ".eJxVjMsOwiAQRf-FtSFQGKAu3fsNZJgZpGrapI-V8d-1SRe6veec-1IZt7XlbZE5D6zOyqrT71aQHjLugO843iZN07jOQ9G7og-66OvE8rwc7t9Bw6V9a-oBYvVWhAMF75xINaavFAOgsWBNQo6EZH3pkvfQ9SmwCRHQMVan3h_hHTei:1pI4a2:a351IuRZNCURnxLw_eHi6-wA58SI2DUUgzBRoKCO6CQ",
    "expire_date": "2023-02-01T09:18:02.516Z"
  }
},
{
  "model": "sessions.session",
  "pk": "nrou2ccgppnvc5vw95yijoj0gykd07vb",
  "fields": {
    "session_data": ".eJxVjEEOwiAURO_C2hCghYJL9z0D4fP5UjWQlHZlvLs06UJ3k5n35s182Lfs95ZWvyC7MiXY5beEEJ-pHAs-QrlXHmvZ1gX4gfBzbXyumF63k_07yKHlbk8mEZAAZ62VytGkTJfHNGqKaJF6MAQKFSIJHY1KYiAnJWg9GB2Rfb4oRzjV:1pKcai:nSO1OjvwOltBJ8ZdOGuAQpC_8aicWvpKkXKMcDk_Pjc",
    "expire_date": "2023-02-08T10:01:16.060Z"
  }
},
{
  "model": "sessions.session",
  "pk": "nrwli7xwi2jrzcnvfygh8lei2mbhn9c2",
  "fields": {
    "session_data": ".eJxVjMsOwiAQRf-FtSFQGKAu3fsNZJgZpGrapI-V8d-1SRe6veec-1IZt7XlbZE5D6zOyqrT71aQHjLugO843iZN07jOQ9G7og-66OvE8rwc7t9Bw6V9a-oBYvVWhAMF75xINaavFAOgsWBNQo6EZH3pkvfQ9SmwCRHQMVan3h_hHTei:1pI5L4:BFJiwIfMqwvnNOgKtFcCwUftP8eGwDRcET0pfabdd6s",
    "expire_date": "2023-02-01T10:06:38.624Z"
  }
},
{
  "model": "sessions.session",
  "pk": "o32cas8tqyx4rqa4a2pedpxupjz7al6f",
  "fields": {
    "session_data": ".eJxVjMsOwiAQAP-FsyHs8gj16N1vIFtYpGogKe3J-O9K0oNeZybzEoH2rYS98xqWJM4CUZx-4UzxwXWYdKd6azK2uq3LLEciD9vltSV-Xo72b1Col_H1njxk4zIjaK1QZSRGk5TNoB3GnA2gtqDAfhOMcWJnCACicoYn8f4A5QE3Ig:1pKccm:v39pDbSIS3jZYJ7TKxCOCaAGS368CWfSGsHQpzWzffw",
    "expire_date": "2023-02-08T10:03:24.039Z"
  }
},
{
  "model": "sessions.session",
  "pk": "o3idtjo1z0ekqthvtbnw41qebqxcplbd",
  "fields": {
    "session_data": ".eJxVjMsOwiAQRf-FtSFQGKAu3fsNZJgZpGrapI-V8d-1SRe6veec-1IZt7XlbZE5D6zOyqrT71aQHjLugO843iZN07jOQ9G7og-66OvE8rwc7t9Bw6V9a-oBYvVWhAMF75xINaavFAOgsWBNQo6EZH3pkvfQ9SmwCRHQMVan3h_hHTei:1pK2JX:JRgR4hrtsj9lOYBC1h1TiR2EtAuKkqAk6xQMCOtSCjc",
    "expire_date": "2023-02-06T19:17:07.253Z"
  }
},
{
  "model": "sessions.session",
  "pk": "o8ug1xbr79xe3b6rue5fxhb7xwr1cxwa",
  "fields": {
    "session_data": ".eJxVjEEOwiAURO_C2hCghYJL9z0D4fP5UjWQlHZlvLs06UJ3k5n35s182Lfs95ZWvyC7MiXY5beEEJ-pHAs-QrlXHmvZ1gX4gfBzbXyumF63k_07yKHlbk8mEZAAZ62VytGkTJfHNGqKaJF6MAQKFSIJHY1KYiAnJWg9GB2Rfb4oRzjV:1pII1U:Ge-aayR5LIBe7tm_Yrm61zdOOdidFQ7K6ag607FDPw8",
    "expire_date": "2023-02-01T23:39:16.100Z"
  }
},
{
  "model": "sessions.session",
  "pk": "oh9da7xbycueel5y7557ozhn0k7jt4he",
  "fields": {
    "session_data": ".eJxVjMsOwiAQRf-FtSFQGKAu3fsNZJgZpGrapI-V8d-1SRe6veec-1IZt7XlbZE5D6zOyqrT71aQHjLugO843iZN07jOQ9G7og-66OvE8rwc7t9Bw6V9a-oBYvVWhAMF75xINaavFAOgsWBNQo6EZH3pkvfQ9SmwCRHQMVan3h_hHTei:1pI6ls:EVAAO0bWo89BonHEbqnc0n9CdyWBJy_ZWZ8-5U8S13M",
    "expire_date": "2023-02-01T11:38:24.234Z"
  }
},
{
  "model": "sessions.session",
  "pk": "olbs2yzmovj9ipuxpfx0j399x20w5opj",
  "fields": {
    "session_data": ".eJxVjMsOwiAQRf-FtSFQGKAu3fsNZJgZpGrapI-V8d-1SRe6veec-1IZt7XlbZE5D6zOyqrT71aQHjLugO843iZN07jOQ9G7og-66OvE8rwc7t9Bw6V9a-oBYvVWhAMF75xINaavFAOgsWBNQo6EZH3pkvfQ9SmwCRHQMVan3h_hHTei:1pI4bG:P1LV8Zp5NZnKlGTpAB0XeFvWi3HwzjG5tV_vBPrUcS4",
    "expire_date": "2023-02-01T09:19:18.642Z"
  }
},
{
  "model": "sessions.session",
  "pk": "pifef2tr5t9clokzkqibbf6vf3c2twc3",
  "fields": {
    "session_data": ".eJxVjM0OwiAQhN-FsyGQ5Uc8evcZyC5LpWogKe3J-O7SpAe9zcw3M28RcVtL3Hpe4sziIqw4_WaE6ZnrDviB9d5kanVdZpJ7RR60y1vj_Loe3b-Dgr2MNSJkA2DB6MDJhxRIe56YvVOTNkBsMpB3Q5NnBHVW2aZhPbkUAMXnC-3AODM:1p7z0V:SBhja3NqitnFkC1auV1anhixCzpYVrVOXnU4T0wihHs",
    "expire_date": "2023-01-04T13:19:39.051Z"
  }
},
{
  "model": "sessions.session",
  "pk": "qofky4vnncyhe4rkixipjt84ucxtsl03",
  "fields": {
    "session_data": ".eJxVjMsOwiAQRf-FtSFQGKAu3fsNZJgZpGrapI-V8d-1SRe6veec-1IZt7XlbZE5D6zOyqrT71aQHjLugO843iZN07jOQ9G7og-66OvE8rwc7t9Bw6V9a-oBYvVWhAMF75xINaavFAOgsWBNQo6EZH3pkvfQ9SmwCRHQMVan3h_hHTei:1p7zDI:uPTweWD_-hz32e0U8cZ3fx_vbDLd7usffLr88jA9YfM",
    "expire_date": "2023-01-04T13:32:52.642Z"
  }
},
{
  "model": "sessions.session",
  "pk": "qyda7nwf2bkr3mltqk7v7kjx38nssq8c",
  "fields": {
    "session_data": ".eJxVjMsOwiAQRf-FtSFQGKAu3fsNZJgZpGrapI-V8d-1SRe6veec-1IZt7XlbZE5D6zOyqrT71aQHjLugO843iZN07jOQ9G7og-66OvE8rwc7t9Bw6V9a-oBYvVWhAMF75xINaavFAOgsWBNQo6EZH3pkvfQ9SmwCRHQMVan3h_hHTei:1pI5HQ:AVHGU4LTvfiGT75nIbCVec0uGA9jm4dlNVBPQgwRL4w",
    "expire_date": "2023-02-01T10:02:52.449Z"
  }
},
{
  "model": "sessions.session",
  "pk": "scp2ckfoa0rjqog8glxkye9eujake4ia",
  "fields": {
    "session_data": ".eJxVjMsOwiAQRf-FtSFQGKAu3fsNZJgZpGrapI-V8d-1SRe6veec-1IZt7XlbZE5D6zOyqrT71aQHjLugO843iZN07jOQ9G7og-66OvE8rwc7t9Bw6V9a-oBYvVWhAMF75xINaavFAOgsWBNQo6EZH3pkvfQ9SmwCRHQMVan3h_hHTei:1pIGFQ:eCf1I6RhjCXO3C4sTgUW-KcDBXI02mzT5QkOZoh6OrY",
    "expire_date": "2023-02-01T21:45:32.911Z"
  }
},
{
  "model": "sessions.session",
  "pk": "t38ywrb09joxou9pgbbxe4s0nxudyl65",
  "fields": {
    "session_data": ".eJxVjMsOwiAQRf-FtSFQGKAu3fsNZJgZpGrapI-V8d-1SRe6veec-1IZt7XlbZE5D6zOyqrT71aQHjLugO843iZN07jOQ9G7og-66OvE8rwc7t9Bw6V9a-oBYvVWhAMF75xINaavFAOgsWBNQo6EZH3pkvfQ9SmwCRHQMVan3h_hHTei:1p7z4m:3lozKMv8Gv3c-iWLQAS_uaKo_gn7LS1et9FYI5rYWK0",
    "expire_date": "2023-01-04T13:24:04.041Z"
  }
},
{
  "model": "sessions.session",
  "pk": "td8o1arlprgvvso0ygf3v63g0sv0mlr5",
  "fields": {
    "session_data": ".eJxVjMsOwiAQRf-FtSFQGKAu3fsNZJgZpGrapI-V8d-1SRe6veec-1IZt7XlbZE5D6zOyqrT71aQHjLugO843iZN07jOQ9G7og-66OvE8rwc7t9Bw6V9a-oBYvVWhAMF75xINaavFAOgsWBNQo6EZH3pkvfQ9SmwCRHQMVan3h_hHTei:1pI6J3:t5R2nQ1QrE1TJlslZzkIaqpwMgVixvx8GxVjmhxHxQY",
    "expire_date": "2023-02-01T11:08:37.717Z"
  }
},
{
  "model": "sessions.session",
  "pk": "tmdkzc69c3jyfvp27002ld3zfz63ungl",
  "fields": {
    "session_data": ".eJxVjMsOwiAQRf-FtSFQGKAu3fsNZJgZpGrapI-V8d-1SRe6veec-1IZt7XlbZE5D6zOyqrT71aQHjLugO843iZN07jOQ9G7og-66OvE8rwc7t9Bw6V9a-oBYvVWhAMF75xINaavFAOgsWBNQo6EZH3pkvfQ9SmwCRHQMVan3h_hHTei:1pI5yD:sGZD9NYlIfkjM5gx1DExC82JaBNtd2VpJZiBDB9gjVE",
    "expire_date": "2023-02-01T10:47:05.578Z"
  }
},
{
  "model": "sessions.session",
  "pk": "tyuh9cv5e16snhiulaj0q5tsgogw1g5g",
  "fields": {
    "session_data": ".eJxVjMsOwiAQRf-FtSFQGKAu3fsNZJgZpGrapI-V8d-1SRe6veec-1IZt7XlbZE5D6zOyqrT71aQHjLugO843iZN07jOQ9G7og-66OvE8rwc7t9Bw6V9a-oBYvVWhAMF75xINaavFAOgsWBNQo6EZH3pkvfQ9SmwCRHQMVan3h_hHTei:1pI6it:pDTsW91ycRElsU0OXU7zkidql49mm_wRaUnuYZzn2bo",
    "expire_date": "2023-02-01T11:35:19.596Z"
  }
},
{
  "model": "sessions.session",
  "pk": "udnypmsv51xuvyagptsrmwbtf56vr3li",
  "fields": {
    "session_data": ".eJxVjMsOwiAQRf-FtSFQGKAu3fsNZJgZpGrapI-V8d-1SRe6veec-1IZt7XlbZE5D6zOyqrT71aQHjLugO843iZN07jOQ9G7og-66OvE8rwc7t9Bw6V9a-oBYvVWhAMF75xINaavFAOgsWBNQo6EZH3pkvfQ9SmwCRHQMVan3h_hHTei:1pI4oz:QdrIKn5SkqJkqEL6YnY3Fm9IZTB0BCyCMzvOwGdUaD8",
    "expire_date": "2023-02-01T09:33:29.929Z"
  }
},
{
  "model": "sessions.session",
  "pk": "uj1u36lgsyscsjqn0tbel1l3gt65lje0",
  "fields": {
    "session_data": ".eJxVjEEOwiAURO_C2hCghYJL9z0D4fP5UjWQlHZlvLs06UJ3k5n35s182Lfs95ZWvyC7MiXY5beEEJ-pHAs-QrlXHmvZ1gX4gfBzbXyumF63k_07yKHlbk8mEZAAZ62VytGkTJfHNGqKaJF6MAQKFSIJHY1KYiAnJWg9GB2Rfb4oRzjV:1pJN4S:j0nD26aG5ZiMpCU2kNt_QcfyyfOZWAX93H3IUcNlnKg",
    "expire_date": "2023-02-04T23:14:48.211Z"
  }
},
{
  "model": "sessions.session",
  "pk": "v38z43jq7f8lyac16odbfv3om8k2o7y9",
  "fields": {
    "session_data": ".eJxVjMsOwiAQRf-FtSFQGKAu3fsNZJgZpGrapI-V8d-1SRe6veec-1IZt7XlbZE5D6zOyqrT71aQHjLugO843iZN07jOQ9G7og-66OvE8rwc7t9Bw6V9a-oBYvVWhAMF75xINaavFAOgsWBNQo6EZH3pkvfQ9SmwCRHQMVan3h_hHTei:1p7yuf:hdTiV-mua3t_r0Dsy6JcUTl3z6AM6pVjsi8PaukkczA",
    "expire_date": "2023-01-04T13:13:37.635Z"
  }
},
{
  "model": "sessions.session",
  "pk": "vf57uhqek4nffb1bj06y3qgfqpgn7igv",
  "fields": {
    "session_data": ".eJxVjEEOwiAQRe_C2hDAwgwu3fcMZGCmtmpoUtqV8e7apAvd_vfef6lE2zqmrcmSJlYX5UCdfsdM5SF1J3ynept1meu6TFnvij5o0_3M8rwe7t_BSG381pI9Wew4YAgRDApI59Gc0UYfBggcsxtKcdgJRgjexME5Jm_JM0QB9f4A60w3UQ:1pKcs8:XbSqosl1GNT8mYS1apkJtsZ5ryegdrKaj4woEkoJdrE",
    "expire_date": "2023-02-08T10:19:16.601Z"
  }
},
{
  "model": "sessions.session",
  "pk": "w6c1b4twyz5u8hegn1khm2a6flm43dp8",
  "fields": {
    "session_data": ".eJxVjMsOwiAQAP-FsyHs8gj16N1vIFtYpGogKe3J-O9K0oNeZybzEoH2rYS98xqWJM4CUZx-4UzxwXWYdKd6azK2uq3LLEciD9vltSV-Xo72b1Col_H1njxk4zIjaK1QZSRGk5TNoB3GnA2gtqDAfhOMcWJnCACicoYn8f4A5QE3Ig:1pKcUP:fCPPCJnpIPPcTjTBqPYCcaO-9-mNZYQ4IALw_WkMVL8",
    "expire_date": "2023-02-08T09:54:45.322Z"
  }
},
{
  "model": "sessions.session",
  "pk": "wd96tnx1tu0gtqxnctq73q85dff957v6",
  "fields": {
    "session_data": ".eJxVjMsOwiAQRf-FtSFQGKAu3fsNZJgZpGrapI-V8d-1SRe6veec-1IZt7XlbZE5D6zOyqrT71aQHjLugO843iZN07jOQ9G7og-66OvE8rwc7t9Bw6V9a-oBYvVWhAMF75xINaavFAOgsWBNQo6EZH3pkvfQ9SmwCRHQMVan3h_hHTei:1pKRZF:HKUMANZUi4LxW8kMxPtz52Nb03hcsik15dmcORDHAt0",
    "expire_date": "2023-02-07T22:15:01.022Z"
  }
},
{
  "model": "sessions.session",
  "pk": "x2uhlwo9deigeeb68bkd2jd7w4hudgkp",
  "fields": {
    "session_data": ".eJxVjDsOwjAQBe_iGlnZtTe2Kek5g7X-4QBypDipEHeHSCmgfTPzXsLztla_9bz4KYmzQCdOv2Pg-MhtJ-nO7TbLOLd1mYLcFXnQLq9zys_L4f4dVO71WzMHKBBZ45C1cgWUygW1dQkgUokBjVI6B2RiQ0iEFshAHMdiSQ9BvD8QFzeV:1pKcyE:AQCP-Bp2oyVD7jhZevT5foPDhEU2tazYSOgLPOEECbw",
    "expire_date": "2023-02-08T10:25:34.159Z"
  }
},
{
  "model": "sessions.session",
  "pk": "x9o32nkg3fy7lawgo3hj6j9li7k39o2z",
  "fields": {
    "session_data": ".eJxVjMsOwiAQRf-FtSFQGKAu3fsNZJgZpGrapI-V8d-1SRe6veec-1IZt7XlbZE5D6zOyqrT71aQHjLugO843iZN07jOQ9G7og-66OvE8rwc7t9Bw6V9a-oBYvVWhAMF75xINaavFAOgsWBNQo6EZH3pkvfQ9SmwCRHQMVan3h_hHTei:1pI5PX:4-DJNAzkjiW-7-jMGXqLC1rauuOwu_yFJe3iW8LzQvc",
    "expire_date": "2023-02-01T10:11:15.386Z"
  }
},
{
  "model": "sessions.session",
  "pk": "xdezwx8yi33ejgeqnwqkb47a8jkpflbl",
  "fields": {
    "session_data": ".eJxVjDsOwyAQBe9CHSHAmF1SpvcZEJ8lOIlAMnYV5e4RkoukfTPz3sz5Yy_u6LS5NbErU4Zdfsfg45PqIOnh673x2Oq-rYEPhZ-086Ulet1O9--g-F5GrUGh1kizQhLZkEwokow6ZJxpmrSYcoZMCBZ9skCkCcAjmgDKSMs-XwIRN90:1pKcpP:0ssnvnlGIzCTqcklgaNJzlu1jRs0Vmcu6P8C7gFup98",
    "expire_date": "2023-02-08T10:16:27.607Z"
  }
},
{
  "model": "sessions.session",
  "pk": "ya70lp2nmtxmdm5kc6wb5kr53zv6tfsj",
  "fields": {
    "session_data": ".eJxVjMsOwiAQRf-FtSFQGKAu3fsNZJgZpGrapI-V8d-1SRe6veec-1IZt7XlbZE5D6zOyqrT71aQHjLugO843iZN07jOQ9G7og-66OvE8rwc7t9Bw6V9a-oBYvVWhAMF75xINaavFAOgsWBNQo6EZH3pkvfQ9SmwCRHQMVan3h_hHTei:1pI5zB:QCxey3bdkZnkXEhu9Pxr64-YrqU-njsSAlRiRHk8DDc",
    "expire_date": "2023-02-01T10:48:05.347Z"
  }
},
{
  "model": "sessions.session",
  "pk": "z9pjw11wwjfzkcq6rasjmuuvfzfddhj2",
  "fields": {
    "session_data": ".eJxVjMsOwiAQRf-FtSFQGKAu3fsNZJgZpGrapI-V8d-1SRe6veec-1IZt7XlbZE5D6zOyqrT71aQHjLugO843iZN07jOQ9G7og-66OvE8rwc7t9Bw6V9a-oBYvVWhAMF75xINaavFAOgsWBNQo6EZH3pkvfQ9SmwCRHQMVan3h_hHTei:1pI6fz:7ExL94va2LbkmQ1Ytg3SuJ-o3eNo35Go4Lj7GiPOmTE",
    "expire_date": "2023-02-01T11:32:19.993Z"
  }
},
{
  "model": "backend.user",
  "fields": {
    "password": "pbkdf2_sha256$390000$MP8c8O6Hb0MtvlwBQ41dB9$U+bmfTmFoBOU6k3AjZurPLsUvKB0SZHRXGpUkYyebGI=",
    "last_login": "2023-01-25T11:13:05.996Z",
    "is_superuser": true,
    "username": "Anasse",
    "first_name": "",
    "last_name": "",
    "email": "",
    "is_staff": true,
    "is_active": true,
    "date_joined": "2022-10-19T14:16:37Z",
    "gender": "MAN",
    "profile_picture": "profile_pictures/default-pp.jpg",
    "description": "Salut je suis Anasse et j'ai crée ce site !",
    "is_artist": true,
    "groups": [],
    "user_permissions": []
  }
},
{
  "model": "backend.user",
  "fields": {
    "password": "pbkdf2_sha256$390000$hu1wJ2IczHAidCx4UpNLiV$bzMjSbj7B9ZbuVtRM6uoS183r3OwJwgb9IIk6Teoxdw=",
    "last_login": "2023-01-25T10:44:36.864Z",
    "is_superuser": false,
    "username": "Kerchak",
    "first_name": "",
    "last_name": "",
    "email": "kerchak@gmail.com",
    "is_staff": false,
    "is_active": true,
    "date_joined": "2023-01-18T23:38:53.878Z",
    "gender": "MAN",
    "profile_picture": "profile_pictures/kerchak_pdp.jpeg",
    "description": "Kerchak en référence au chef des gorilles dans Tarzan. Ca drill ici mon pote.",
    "is_artist": true,
    "groups": [],
    "user_permissions": []
  }
},
{
  "model": "backend.user",
  "fields": {
    "password": "pbkdf2_sha256$390000$gPCHlOWnJLJLJIUS2BAmWc$u5KLtJeWE4QPmKYBZGrAqm6Tw0nkjtV/Kixd/zb0eBk=",
    "last_login": "2023-01-25T09:57:01.093Z",
    "is_superuser": false,
    "username": "Drake",
    "first_name": "",
    "last_name": "",
    "email": "drake@gmail.com",
    "is_staff": false,
    "is_active": true,
    "date_joined": "2023-01-25T09:52:40.495Z",
    "gender": "MAN",
    "profile_picture": "profile_pictures/drake.jpg",
    "description": "Drake, né Aubrey Drake Graham le 24 octobre 1986 à Toronto, en Ontario, est un rappeur-compositeur et acteur canadien. Longtemps affilié au label du rappeur Lil Wayne Young Money Entertainment, il y a signé officiellement en juin 2009. Son premier album studio, Thank Me Later, sort le 14 juin 2010.",
    "is_artist": true,
    "groups": [],
    "user_permissions": []
  }
},
{
  "model": "backend.user",
  "fields": {
    "password": "pbkdf2_sha256$390000$UJwyufkBExrK7FYtsJZJ5d$0vpKVrX3u4zSOXOIHoiOqmCYhS1CKsHaqZQPNLUivdI=",
    "last_login": "2023-01-25T10:03:24.033Z",
    "is_superuser": false,
    "username": "Ninho",
    "first_name": "",
    "last_name": "",
    "email": "ninho@gmail.com",
    "is_staff": false,
    "is_active": true,
    "date_joined": "2023-01-25T09:53:46.639Z",
    "gender": "MAN",
    "profile_picture": "profile_pictures/ninho.jpg",
    "description": "Ninho [niɲo], pseudonyme de William Nzobazola, est un rappeur, chanteur et auteur-compositeur français, né le 2 avril 1996 à Longjumeau.",
    "is_artist": true,
    "groups": [],
    "user_permissions": []
  }
},
{
  "model": "backend.user",
  "fields": {
    "password": "pbkdf2_sha256$390000$YYQqBfkFfKeRR7UzET8g9A$ZOAS+UOjfPFpHSoR4BEG91Oyio8B25NrTUj0G+I6ev0=",
    "last_login": "2023-01-25T10:04:51.436Z",
    "is_superuser": false,
    "username": "Angele",
    "first_name": "",
    "last_name": "",
    "email": "angele@gmail.com",
    "is_staff": false,
    "is_active": true,
    "date_joined": "2023-01-25T10:04:43.270Z",
    "gender": "WOMAN",
    "profile_picture": "profile_pictures/angele.jpg",
    "description": "Angèle Van Laeken, dite Angèle, née le 3 décembre 1995 à Uccle, est une auteure-compositrice-interprète, musicienne, productrice, actrice et mannequin belge.",
    "is_artist": true,
    "groups": [],
    "user_permissions": []
  }
},
{
  "model": "backend.user",
  "fields": {
    "password": "pbkdf2_sha256$390000$QYVyZVo3YAIf76qghUhq81$K2/D+eI9Ng+x/5MBmUGhbomE1v34Z/oCPfiYDSAT4p4=",
    "last_login": "2023-01-25T10:07:43.747Z",
    "is_superuser": false,
    "username": "Clementino",
    "first_name": "",
    "last_name": "",
    "email": "Clement@gmail.com",
    "is_staff": false,
    "is_active": true,
    "date_joined": "2023-01-25T10:07:36.749Z",
    "gender": "OTHER",
    "profile_picture": "profile_pictures/Koala.jpg",
    "description": "Passionné par l'informatique et le machine learning. J'aime les musiques originales.",
    "is_artist": false,
    "groups": [],
    "user_permissions": []
  }
},
{
  "model": "backend.user",
  "fields": {
    "password": "pbkdf2_sha256$390000$6xNFbUBUdk0QXd25yFzgTX$ehhy2v2MueV8/CaSHQ0z8DrkCajMRo+0YfWrlZGd2ig=",
    "last_login": "2023-01-25T10:11:22.102Z",
    "is_superuser": false,
    "username": "Hamza",
    "first_name": "",
    "last_name": "",
    "email": "hamza@gmail.com",
    "is_staff": false,
    "is_active": true,
    "date_joined": "2023-01-25T10:11:14.189Z",
    "gender": "MAN",
    "profile_picture": "profile_pictures/hamza.jpg",
    "description": "Hamza, de son nom complet Hamza Al-Farissi, né le 1ᵉʳ août 1994 en Belgique, est un rappeur, chanteur et beatmaker belge d’origine marocaine. Il est également connu pour son appartenance à la nouvelle vague du rap belge des années 2010 avec des artistes tels que Damso ou Shay.",
    "is_artist": true,
    "groups": [],
    "user_permissions": []
  }
},
{
  "model": "backend.user",
  "fields": {
    "password": "pbkdf2_sha256$390000$HumaUcsGhCvYJPXyKDnRE9$3meu1yO692pZPqNNaA9dQz5IU6pIFi65nKrNSy2EHAE=",
    "last_login": "2023-01-25T10:16:27.601Z",
    "is_superuser": false,
    "username": "Henrique",
    "first_name": "",
    "last_name": "",
    "email": "henrique@gmail.com",
    "is_staff": false,
    "is_active": true,
    "date_joined": "2023-01-25T10:16:19.090Z",
    "gender": "MAN",
    "profile_picture": "profile_pictures/henrique.jpeg",
    "description": "Futur assisstant he-arc.",
    "is_artist": false,
    "groups": [],
    "user_permissions": []
  }
},
{
  "model": "backend.user",
  "fields": {
    "password": "pbkdf2_sha256$390000$2G3cfuaRxzIPOgKPZgCivx$ypKXIEwumt/9LOvPrRbc/SH7n7r+0BClu6tDwOosGVc=",
    "last_login": "2023-01-25T10:19:16.595Z",
    "is_superuser": false,
    "username": "David",
    "first_name": "",
    "last_name": "",
    "email": "david@gmail.com",
    "is_staff": false,
    "is_active": true,
    "date_joined": "2023-01-25T10:19:10.572Z",
    "gender": "MAN",
    "profile_picture": "profile_pictures/luffy.png",
    "description": "Je suis un samourai.",
    "is_artist": false,
    "groups": [],
    "user_permissions": []
  }
},
{
  "model": "backend.user",
  "fields": {
    "password": "pbkdf2_sha256$390000$IkNyHmSiycBlNvnzdyfiFv$0ezrUxsYEFJd7kpqT2aGZ5i0wYReqMpiHOWyP8AKxsU=",
    "last_login": "2023-01-25T10:23:12.858Z",
    "is_superuser": false,
    "username": "Kanye",
    "first_name": "",
    "last_name": "",
    "email": "kanye@gmail.com",
    "is_staff": false,
    "is_active": true,
    "date_joined": "2023-01-25T10:23:05.894Z",
    "gender": "OTHER",
    "profile_picture": "profile_pictures/kanye.jpg",
    "description": "Kanye Omari West /ˈkɑːnjeɪ wɛst/, voulant se faire appeler ultérieurement « Ye » depuis octobre 2021, né le 8 juin 1977 à Atlanta, est un rappeur, chanteur, compositeur, réalisateur artistique et designer américain originaire de Chicago.",
    "is_artist": true,
    "groups": [],
    "user_permissions": []
  }
},
{
  "model": "backend.user",
  "fields": {
    "password": "pbkdf2_sha256$390000$GrgjIQVQztTCfZxIJ4N2hl$7SnbMdB38a/Z8NIYad0h6j9P8uEKk3V9CK5trj+q750=",
    "last_login": "2023-01-25T10:25:34.154Z",
    "is_superuser": false,
    "username": "Naps",
    "first_name": "",
    "last_name": "",
    "email": "naps@gmail.com",
    "is_staff": false,
    "is_active": true,
    "date_joined": "2023-01-25T10:25:27.573Z",
    "gender": "MAN",
    "profile_picture": "profile_pictures/naps.jpg",
    "description": "Naps, né le 15 février 1986 à Marseille, est un rappeur et chanteur français. Actif depuis le milieu des années 2000, il se fait connaître du grand public en 2017 avec son album Pochon bleu.",
    "is_artist": true,
    "groups": [],
    "user_permissions": []
  }
},
{
  "model": "backend.user",
  "fields": {
    "password": "pbkdf2_sha256$390000$xT9u5yqirQynHzBs2g12rW$3Twz5Bj889VFPAnv8DBdzRJSN8BjplzWnqVxkOCoz8c=",
    "last_login": "2023-01-25T10:39:25.388Z",
    "is_superuser": false,
    "username": "SoLaLune",
    "first_name": "",
    "last_name": "",
    "email": "solalune@gmail.com",
    "is_staff": false,
    "is_active": true,
    "date_joined": "2023-01-25T10:39:13.136Z",
    "gender": "MAN",
    "profile_picture": "profile_pictures/so-la-lune.jpg",
    "description": "Avec sa voix atypique, sa maîtrise des mélodies, et ses textes torturés, So La Lune est l'un des rappeurs les plus talentueux et intrigants du moment. Portrait d'un artiste en pleine ascension. Avec 7 projets consécutifs publiés entre mars et décembre, So La Lune a marqué l'année 2021 de son empreinte.",
    "is_artist": true,
    "groups": [],
    "user_permissions": []
  }
},
{
  "model": "backend.song",
  "pk": 8,
  "fields": {
    "user_id": [
      "Drake"
    ],
    "title": "Started from the bottom",
    "release_date": "2023-01-25",
    "song_cover": "song_covers/started_from_the_bottom.jpg",
    "song_path": "songs/Started_From_the_Bottom_-_Drake.mp3",
    "lyrics": "Started\r\n(Zombie on the track)\r\nStarted from the bottom, now we're here\r\nStarted from the bottom, now my whole team fuckin' here\r\nStarted from the bottom, now we're here\r\nStarted from the bottom, now the whole team here, nigga\r\nStarted from the bottom, now we're here\r\nStarted from the bottom, now my whole team here, nigga\r\nStarted from the bottom, now we're here\r\nStarted from the bottom, now the whole team fuckin' here\r\nI done kept it real from the jump\r\nLiving at my mama house we'd argue every month\r\nNigga, I was tryna get it on my own\r\nWorkin' all night, traffic on the way home\r\nAnd my uncle calling me like, \"Where ya at?\r\nI gave you the keys told you bring it right back\"\r\nNigga, I just think it's funny how it goes\r\nNow I'm on the road, half a million for a show\r\nAnd we started from the bottom, now we're here\r\nStarted from the bottom, now my whole team fuckin' here\r\nStarted from the bottom, now we're here\r\nStarted from the bottom, now the whole team here, nigga\r\nStarted from the bottom, now we're here\r\nStarted from the bottom, now the whole team fuckin' here\r\nStarted from the bottom, now we're here\r\nStarted from the bottom, now the whole team here, nigga\r\nBoys tell stories 'bout the man\r\nSay I never struggled, wasn't hungry, yeah, I doubt it, nigga\r\nI could turn your boy into the man\r\nThere ain't really much I hear that's poppin' off without us, nigga\r\nWe just want the credit where it's due\r\nI'ma worry 'bout me, give a fuck about you\r\nNigga, just as a reminder to myself\r\nI wear every single chain, even when I'm in the house\r\n'Cause we started from the bottom, now we're here\r\nStarted from the bottom, now my whole team fuckin' here\r\nStarted from the bottom, now we're here\r\nStarted from the bottom, now the whole team here, nigga\r\nNo new niggas, nigga we don't feel that\r\nFuck a fake friend, where your real friends at?\r\nWe don't like to do too much explainin'\r\nStory stay the same, I never changed it\r\nNo new niggas, nigga we don't feel that\r\nFuck a fake friend, where your real friends at?\r\nWe don't like to do too much explainin'\r\nStory stay the same through the money and the fame\r\n'Cause we started from the bottom, now we're here\r\nStarted from the bottom, now my whole team fuckin' here\r\nStarted from the bottom, now we're here\r\nStarted from the bottom, now the whole team here, nigga\r\nStarted from the bottom, now we're here\r\nStarted from the bottom, now my whole team here, nigga\r\nStarted from the bottom, now we're here\r\nStarted from the bottom, now the whole team here, nigga",
    "is_private": false,
    "genre": [
      1
    ]
  }
},
{
  "model": "backend.song",
  "pk": 9,
  "fields": {
    "user_id": [
      "Drake"
    ],
    "title": "God's plan",
    "release_date": "2023-01-25",
    "song_cover": "song_covers/gods_plan.jpeg",
    "song_path": "songs/Gods_Plan.mp3",
    "lyrics": "Yeah, they wishin' and wishin' and wishin' and wishin'\r\nThey wishin' on me, yuh\r\nI been movin' calm, don't start no trouble with me\r\nTryna keep it peaceful is a struggle for me\r\nDon't pull up at 6 AM to cuddle with me\r\nYou know how I like it when you lovin' on me\r\nI don't wanna die for them to miss me\r\nYes, I see the things that they wishin' on me\r\nHope I got some brothers that outlive me\r\nThey gon' tell the story, shit was different with me\r\nGod's plan, God's plan\r\nI hold back, sometimes I won't, yuh\r\nI feel good, sometimes I don't, ayy, don't\r\nI finessed down Weston Road, ayy, 'nessed\r\nMight go down a G-O-D, yeah, wait\r\nI go hard on Southside G, yuh, Way\r\nI make sure that north side eat\r\nAnd still\r\nBad things\r\nIt's a lot of bad things\r\nThat they wishin' and wishin' and wishin' and wishin'\r\nThey wishin' on me\r\nBad things\r\nIt's a lot of bad things\r\nThat they wishin' and wishin' and wishin' and wishin'\r\nThey wishin' on me\r\nYuh, ayy, ayy (ayy)\r\nShe say, \"Do you love me?\" I tell her, \"Only partly\r\nI only love my bed and my momma, I'm sorry\"\r\nFifty Dub, I even got it tatted on me\r\n81, they'll bring the crashers to the party\r\nAnd you know me\r\nTurn a O-2 into the O-3, dog\r\nWithout 40, Oli', there'd be no me\r\n'Magine if I never met the broskis\r\nGod's plan, God's plan\r\nI can't do this on my own, ayy, no, ayy\r\nSomeone watchin' this shit close, yep, close\r\nI've been me since Scarlett Road, ayy, road, ayy\r\nMight go down as G-O-D, yeah, wait\r\nI go hard on Southside G, ayy, Way\r\nI make sure that north side eat, yuh\r\nAnd still\r\nBad things\r\nIt's a lot of bad things\r\nThat they wishin' and wishin' and wishin' and wishin'\r\nThey wishin' on me\r\nYeah, yeah\r\nBad things\r\nIt's a lot of bad things\r\nThat they wishin' and wishin' and wishin' and wishin'\r\nThey wishin' on me\r\nYeah",
    "is_private": false,
    "genre": [
      2
    ]
  }
},
{
  "model": "backend.song",
  "pk": 10,
  "fields": {
    "user_id": [
      "Drake"
    ],
    "title": "Hotling Bling",
    "release_date": "2023-01-25",
    "song_cover": "song_covers/hotling_bling.jpg",
    "song_path": "songs/Drake_-_Hotline_Bling.mp3",
    "lyrics": "You used to call me on my\r\nYou used to, you used to\r\nYeah\r\nYou used to call me on my cell phone\r\nLate night when you need my love\r\nCall me on my cell phone\r\nLate night when you need my love\r\nAnd I know when that hotline bling\r\nThat can only mean one thing\r\nI know when that hotline bling\r\nThat can only mean one thing\r\nEver since I left the city, you\r\nGot a reputation for yourself now\r\nEverybody knows and I feel left out\r\nGirl you got me down, you got me stressed out\r\nCause ever since I left the city, you\r\nStarted wearing less and goin' out more\r\nGlasses of champagne out on the dance floor\r\nHangin' with some girls I've never seen before\r\nYou used to call me on my cell phone\r\nLate night when you need my love\r\nCall me on my cell phone\r\nLate night when you need my love\r\nI know when that hotline bling\r\nThat can only mean one thing\r\nI know when that hotline bling\r\nThat can only mean one thing\r\nEver since I left the city, you, you, you\r\nYou and me, we just don't get along\r\nYou make me feel like I did you wrong\r\nGoing places where you don't belong\r\nEver since I left the city, you\r\nYou got exactly what you asked for\r\nRunning out of pages in your passport\r\nHanging with some girls I've never seen before\r\nYou used to call me on my cell phone\r\nLate night when you need my love\r\nCall me on my cell phone\r\nLate night when you need my love\r\nAnd I know when that hotline bling\r\nThat can only mean one thing\r\nI know when that hotline bling\r\nThat can only mean one thing\r\nThese days, all I do is\r\nWonder if you're bendin' over backwards for someone else\r\nWonder if you're rolling up a Backwoods for someone else\r\nDoing things I taught you, gettin' nasty for someone else\r\nYou don't need no one else\r\nYou don't need nobody else, no\r\nWhy you never alone\r\nWhy you always touching road\r\nUsed to always stay at home, be a good girl\r\nYou was in the zone, yeah\r\nYou should just be yourself\r\nRight now, you're someone else\r\nYou used to call me on my cell phone\r\nLate night when you need my love\r\nCall me on my cell phone\r\nLate night when you need my love\r\nAnd I know when that hotline bling\r\nThat can only mean one thing\r\nI know when that hotline bling\r\nThat can only mean one thing\r\nEver since I left the city...",
    "is_private": false,
    "genre": [
      2
    ]
  }
},
{
  "model": "backend.song",
  "pk": 11,
  "fields": {
    "user_id": [
      "Kerchak"
    ],
    "title": "Génération Miracle (Feat. Favé)",
    "release_date": "2023-01-25",
    "song_cover": "song_covers/kerchak.jpg",
    "song_path": "songs/Kerchak_feat_Favé_-_Génération_Miracle.mp3",
    "lyrics": "Shk (SHK)\r\nK.E.R\r\nBisous\r\nF.a.v.e, oh-oh-oh\r\nJ'ai dû bosser comme un fou, abusé, j'me devais, j'avais trop ler-par (ouais)\r\nJ'suis entouré d'la 320, mes acolytes, les mêmes sont depuis le départ (gra-gra-gra)\r\nQuand y a K.E.r ou le F, ça débite (hey)\r\nChe-lou si tu nous entends pas (gra-gra-gra)\r\nOn a la bonne équipe sur l'papier\r\nJ'ai compris c'que j'pouvais faire quand j'ai ramené Booska-P dans l'quartier (oh-oh-oh)\r\nJ'ai du temps, des sous à perdre, quand tu m'ler-par, bébé, faut tout stopper\r\nJ'veux du Louis Vuitton sur ma paire, des sapes de luxe, nouvelles lunettes Cartier (oh-oh-oh)\r\nJ'sais pas encore c'que j'peux faire (eh, oh)\r\nGrâce à la monnaie mais faut qu'j'y pense (rah)\r\nFaut du papier dans mon cellulaire, on rentre chez toi sans serrurier (to-to-to-toh)\r\nJe propose plusieurs bouts aux ient-cli, il m'dit qu'il préfère celui-là (to-toh)\r\nElle, c'est sûr, j'vais pas la toucher, elle veut voler mes sous, elle veut que faire du buzz (ouais, ouais)\r\nOn consomme mais on est deux à la base (à la base)\r\nBah ouais, on a compris le biff (rah)\r\nMiracle est la génération (ah bon?)\r\nY a pas d'autres explications (nan, nan)\r\nEt si mes gars rentrent dans la salle (grr)\r\nÇa sera pas pour faire des additions (pah)\r\nFaux, on connaît l'action, on connaît le bara, on connaît le charbon (grr, pah)\r\nOn rentre dans ta cité comme des rats (grr, pah)\r\nTu vas rembourser, on s'en fout de ton pardon (rah)\r\nK.e.r, le F, c'est pour du gore (K.E.r, le F, c'est pour du gore)\r\nSoit t'es avec nous, soit tu vas baiser ta sœur l'escorte (ramène)\r\nNégro, j'grandis, j'vois qu'le temps passe, j'ai des res-frè qui v'-esqui la cage (la cage)\r\nJ'vois que des rentrées d'cash, des sommes de baisé qu'j'ai pour mon âge (oh-oh, rah)\r\nAllô? Allô? J'en avais b'soin, je l'ai fait\r\nTu sais bien qu'j'suis pas méchant mais j'en connais qu'ont le fer\r\nJ'suis tombé dans l'pe-ra, pourtant, moi, j'm'y attendais pas\r\nGuette nos stats, elles montent en flèche (flèche)\r\nPoto, nan, elles descendent pas (jamais)\r\nEt dans mes notes, des trucs de fou que j'peux déballer\r\nEn c'moment, c'est bizarre, j'vais plus au stud', je me laisse aller (rah)\r\nJ'me fais filoche par les vils-ci, pourtant, j'ai pété l'bac (j'ai pété l'bac)\r\nJ'faisais mes ients-cli à patte (à patte)\r\nJ'veux pas finir à perte (nan, nan)\r\nShk (SHK)\r\nJ'traîne pas avec eux, c'est des schmettas de ouf\r\nEn c'moment, dans la ville, c'est schmitté de ouf (ah bon?)\r\nJ'connais son appartement par cœur, j'suis un architecte de ouf (grr, pah)\r\nJ'aime pas quand il manque du détail (nan, nan)\r\nJ'aime pas quand j'suis en manque de tale (nan, nan)\r\nJ'aime trop quand je sors le couteau (ouais, ouais)\r\nQue j'ai déjà le i, que la victime détale (ouais, ouais, ouais)\r\nJ'suis derrière le Mac, je monte sur le load (Sur le load)\r\nOn a fait des sous, pas pour des loc' (des loc')\r\nSi j'l'attrape, j'suis d'mauvaise humeur, je vais couper ses locks (piou-piou-piou)\r\nLa daronne m'appelle, même sur un plan, j'réponds (ah bon?)\r\nSi on vient chez toi, on va repeindre (to-to-to-toh)\r\nOn va t'niquer ta mère devant ta mère, on va la laisser sans réponse (rah)\r\nK.e.r.c.h.a.k (Kerchak)\r\nJe rappe c'que j'vois, laisse-les croire que j'suis pas cap (eh-eh, bande de cons, eh-eh)\r\nMentalité TPLS (rah)\r\nTu sais pas c'qui s'passe dans la cave (to-toh)\r\nMoi, tous les jours, j'suis dans la ville, au 68, tu sais\r\nTu peux m'trouver là-bas (tu peux m'trouver là-bas)\r\nOn a des coffrets au deuxième, pour trouver la planque, faut qu'tu rentres dans l'appart' (gra-gra)\r\nJ'aime bien quand elle veut faire la coquine\r\nElle veut compter moins, elle veut me prendre la part (ah ouais? Ah ouais?)\r\nJ'ai même pas mangé, tu veux croquer, le re-frè est bizarre, j'sais qu'il veut ma part (pa-pa-pa-pah)\r\nJ'connais pas tous mes sons mais ils connaissent déjà quand ça sort (ça sort)\r\nDans l'jeu, j'ai une mission, j'dois finir premier, fermer la porte (la porte)\r\nCes cons, ils savent même plus c'qu'ils font\r\nQuand ils viennent parler, s'exposent au danger (bah ouais)\r\nLa CB monte le plafond, même pas b'soin d'ça pour qu'elle montre son corps (rah, to-toh)\r\nJ'le connais pas, j'le tarife grave (ouais, ouais)\r\nIls veulent faire comme nous mais ces p'tits cons n'y arrivent pas (eh, eh, eh, eh)\r\nJ'fais rentrer des sous dans l'son, je donne Khaleesi aux émirats (grr, pah, eh, eh, eh, eh)\r\nJ'regarde le mec partir sans ses affaires, ça m'amuse grave (eh, eh, eh, eh, rah)\r\nIl m'faut plus d'un million pour moi, j'veux quitter la Terre (eh, eh, eh, eh)\r\nLa coquine dit qu'elle m'trouve mignon, elle s'embarque dans l'mauvais dél' (eh, eh, eh, eh)\r\nJ'passe mon bigo à mon reuf, j'lui demande il choisit laquelle (eh, eh, eh, eh)\r\nJ'ai l'cerveau trop rempli pour des meufs, dans la terre, ils sont mes dièses (rah, eh, eh, eh, eh)\r\nOuais, ouais, ouais (eh, eh, eh, eh)\r\nK.e.r (eh, eh, eh, eh)\r\nOn va t'niquer ta-, devant ta-, si tu fais l'- (eh, eh)\r\nFavé, le 4 (eh, eh, eh, eh)\r\nBisous",
    "is_private": false,
    "genre": [
      1
    ]
  }
},
{
  "model": "backend.song",
  "pk": 12,
  "fields": {
    "user_id": [
      "Ninho"
    ],
    "title": "Bavard",
    "release_date": "2023-01-25",
    "song_cover": "song_covers/bavard.jpg",
    "song_path": "songs/Bavard.mp3",
    "lyrics": "Mon avocat fête la bar mitzvah\r\nLe jour du jugement je ne panique pas\r\nSi j'sors, j'serai p't-être dans le parking avec l'oiseau et Ali Khan\r\nNouveau litron, nouveau tampon\r\nNouveau binks, nouvel arrivage\r\nNouveau litron, nouveau tampon\r\nNouveau binks, nouvel arrivage\r\nUn frère se marie à la mairie, forcément j'sors une putain d'luck\r\nIci c'est Paris, c'est pas l'Amérique\r\nDans la sacoche un putain d'Glock\r\nNhar sheitan une pute en cloque\r\nToc toc toc à six o'clock\r\nHop hop hop fais voir les poignées\r\nRemplace la Audemars par les menottes\r\nEt j'suis impliqué, il m'faut des plans sous\r\nPas de plan cul dans la planque\r\nLà j'recompte un billet, ton amour moi je n'en veux même plus\r\nCoño tu connais les règles\r\nTu poukies t'es banni du tieks, tu poukies t'es banni du tieks\r\nEt l'ancien m'a dit\r\nReste le même si tu perces, ouais reste le même si tu perces\r\nLa vie c'est une très grosse course et va falloir être endurant\r\nSavoir sauter les murs et surtout ne jamais s'enfuir\r\nSurtout ne jamais s'enfuir\r\nElle se fait désirer, ce soir je l'emmène en virée\r\nIl n'y a que mon t-shirt P.P. et la tour Eiffel qui brille\r\nPoto tu connais nos idées, noires comme la nuit\r\nJeune sicario, on fait la loi dans le barrio\r\nAmi, amigo, si j'perds j'reviendrai armé comme yugo\r\nJ'ai de la moula, j'te laisse le yoga\r\nEt on verra bien ce qui se passe, on effectue les passes\r\nDans e tieks pas de boss, celui qui pèse on le vole\r\nEt on revend tout, on est pas des bénévoles\r\nUn joint de paki, un très gros paquet\r\nÇa parle au talkie, j'suis aux aguets\r\nQue des galères à la barre, le procureur veut la peine max\r\nJ'ai remplacé cailloux par calamar, j'ai pris presque 15 kilogrammes\r\nSi y'a rien à gratter j'ne vais pas là-bas\r\nDonne tout à mama si je canne\r\n2000 jaloux, 20 000 heureux\r\nFais gaffe à nous, on n'est pas comme eux\r\nDe l'argent sale, de l'argent propre\r\nPar précaution on fait rentrer les deux\r\nJ'vous ai vu retourner vos vestes, c'est grotesque\r\nPris pour cible dans l'tieks, course poursuite, tempête\r\nOn était novices, on est devenus des gérants\r\nTu l'as toujours pas digéré, redescends sur terre\r\nNon ne fait pas le géant, non ne fait pas le géant\r\nTrès loin des cours d'EPS, très loin des cours de géo\r\nUn peu plus proche de la tess pour fruictifier mon seille-o\r\nSalope tu connais l'adresse, dis-leur d'donner le go\r\nIls font tous les Pequeño mais c'est des Omar Sy\r\nViolence en réunion, c'est l'histoire de ma vie, j'suis pas dans un movie\r\nLa grenade se dégoupille, j'te conseille de déguerpir\r\nLes précédents adversaires ont fini accroupis, ont fini accroupis\r\nUne crosse chromée, un pot Akrapovič\r\nOn sourit pas comme Vahid Halilhodžić\r\nJ'les entends lancer des piques, ils n'ont vendu aucun disque\r\nJ'suis venu, j'ai vu, j'ai compris\r\nComment fonctionne le game et j'ai tout pris (ouais j'ai tout pris)\r\nComment fonctionne le game et j'ai tout pris\r\nTu la joues perso (perso)\r\nPourtant j'suis démarqué\r\nLaisse-les se baiser entre eux\r\nC'est moi qui vais les macquer, c'est moi qui vais les macquer\r\nOn est sur le maquis, j'ai pas quitté le quartier\r\nTa salope se remaquille et l'OPJ a décidé d'me garder, a décidé d'me garder\r\nEt ton équipe se demande ce que la mienne manigance\r\nMais elle ne va rien savoir\r\nEt mon regard en dit long, long, long sur ce que je pense\r\nMes camarades ne sont pas très bavards\r\nEt ton équipe se demande ce que la mienne manigance\r\nMais elle ne va rien savoir\r\nEt mon regard en dit long, long, long sur ce que je pense\r\nMes camarades ne sont pas très bavards",
    "is_private": false,
    "genre": [
      1
    ]
  }
},
{
  "model": "backend.song",
  "pk": 13,
  "fields": {
    "user_id": [
      "Angele"
    ],
    "title": "Balance ton quoi",
    "release_date": "2023-01-25",
    "song_cover": "song_covers/balance_ton_quoi.jpg",
    "song_path": "songs/Angèle_-_Balance_Ton_Quoi_CLIP_OFFICIEL.mp3",
    "lyrics": "Ils parlent tous comme des animaux\r\nDe toutes les chattes ça parle mal\r\n2018 j'sais pas c'qui t'faut\r\nMais je suis plus qu'un animal\r\nJ'ai vu qu'le rap est à la mode\r\nEt qu'il marche mieux quand il est sale\r\nBah faudrait p't'être casser les codes\r\nUne fille qui l'ouvre ça serait normal\r\nBalance ton quoi\r\nMême si tu parles mal des filles je sais qu'au fond t'as compris\r\nBalance ton quoi, un jour peut-être ça changera\r\nBalance ton quoi\r\nDonc laisse-moi te chanter\r\nD'aller te faire en, hmm\r\nOuais j'passerai pas à la radio\r\nParce que mes mots sont pas très beaux\r\nLes gens me disent à demi-mot\r\nPour une fille belle t'es pas si bête\r\nPour une fille drôle t'es pas si laide\r\nTes parents et ton frère ça aide\r\nOh, tu parles de moi\r\nC'est quoi ton problème?\r\nJ'ai écrit rien qu'pour toi le plus beau des poèmes\r\nLaisse-moi te chanter\r\nD'aller te faire en, hmm\r\nOuais j's'rai polie pour la télé\r\nMais va te faire en, hmm\r\nBalance ton quoi\r\nBalance ton quoi\r\nBalance ton quoi\r\nUn jour peut-être ça changera\r\nY a plus d'respect dans la rue\r\nTu sais très bien quand t'abuses\r\nBalance ton quoi\r\nBalance ton quoi\r\nLaisse-moi te chanter\r\nD'aller te faire en, hmm\r\nOuais j'passerai pas à la radio\r\nParce que mes mots sont pas très beaux\r\nLaisse-moi te chanter\r\nD'aller te faire en, hmm\r\nOuais j's'rai polie pour la télé\r\nMais va te faire en, hmm\r\nBalance ton quoi\r\nBalance ton quoi\r\nBalance ton quoi\r\nMême si tu parles mal des filles je sais qu'au fond t'as compris\r\nBalance ton quoi, un jour peut-être ça changera\r\nBalance ton quoi",
    "is_private": false,
    "genre": [
      3
    ]
  }
},
{
  "model": "backend.song",
  "pk": 14,
  "fields": {
    "user_id": [
      "Angele"
    ],
    "title": "Bruxelles je t'aime",
    "release_date": "2023-01-25",
    "song_cover": "song_covers/bx_jtm.jpg",
    "song_path": "songs/Angèle_-_Bruxelles_je_taime__CLIP_OFFICIEL_.mp3",
    "lyrics": "On n'a pas les tours de New York\r\nOn n'a pas de lumière du jour, 6 mois dans l'année\r\nOn n'a pas Beaubourg ni la Seine\r\nOn n'est pas la ville de l'amour, mais bon vous voyez\r\nEt sûrement que dès ce soir le ciel couvrira une tempête\r\nMais après l'orage avec des bières, les gens feront la fête\r\nBruxelles je t'aime, Bruxelles je t'aime\r\nTu m'avais manqué\r\nBruxelles je t'aime, Bruxelles je t'aime\r\nT'es ma préférée\r\nBruxelles je t'aime, Bruxelles je t'aime\r\nTu m'avais manqué\r\nT'es la plus belle, oui t'es la plus belle\r\nParis m'appelle quand je veux rentrer chez moi\r\nQuand le ciel gris et la pluie me manquent, je vais mieux quand je te vois\r\nLes villes sont belles mais moi je ne pense qu'à toi\r\nQuand mon pays et ma ville me manquent, moi je ne t'oublie pas\r\nOn n'a pas la plus longue de toutes les histoires\r\nOn le sait on n'a pas toujours gagné\r\nEt d'habitude, j'ai l'attitude, même si c'est dur, de garder espoir\r\nQuand on n'est pas les premiers\r\nLes Marolles, Flagey, Saint-Gilles, Laeken à qui je dois mon nom\r\nBruxelles je t'aime, Bruxelles je t'aime\r\nTu m'avais manqué\r\nBruxelles je t'aime, Bruxelles je t'aime\r\nT'es ma préférée\r\nBruxelles je t'aime, Bruxelles je t'aime\r\nTu m'avais manqué\r\nT'es la plus belle, oui, t'es la plus belle\r\nParis m'appelle quand je veux rentrer chez moi\r\nQuand le ciel gris et la pluie me manquent, je vais mieux quand j'te vois\r\nLes villes sont belles mais moi je ne pense qu'à toi\r\nQuand mon pays et ma ville me manquent, moi, je ne t'oublie pas\r\nEt si un jour elle se sépare et qu'on ait à choisir un camp\r\nCe serait le pire des cauchemars, tout ça pour une histoire de langue\r\nJ'ai vécu mes plus belles histoires en français et en flamand\r\nLaat mij het zeggen in het Vlaams, dank u Brussel voor mijn naam\r\nEt si un jour, elle se sépare et qu'on ait à choisir un camp\r\nCe serait le pire des cauchemars, tout ça pour une histoire de langue\r\nJ'ai vécu mes plus belles histoires en français et en flamand\r\nLaat mij het zeggen in het Vlaams, dank u Brussel\r\nBruxelles je t'aime, Bruxelles je t'aime\r\nTu m'avais manqué\r\nBruxelles je t'aime, Bruxelles je t'aime\r\nT'es ma préférée\r\nBruxelles je t'aime, Bruxelles je t'aime\r\nTu m'avais manqué\r\nT'es la plus belle, oui, t'es la plus belle\r\nParis m'appelle quand je veux rentrer chez moi\r\nQuand le ciel gris et la pluie me manquent, je vais mieux quand j'te vois\r\nLes villes sont belles mais moi je ne pense qu'à toi\r\nQuand mon pays et ma ville me manquent, moi, je ne t'oublie pas\r\nParis m'appelle quand je veux rentrer chez moi\r\nQuand le ciel gris et la pluie me manquent, je vais mieux quand j'te vois\r\nLes villes sont belles mais moi je ne pense qu'à toi\r\nQuand mon pays et ma ville me manquent, moi, je ne t'oublie pas",
    "is_private": false,
    "genre": [
      3
    ]
  }
},
{
  "model": "backend.song",
  "pk": 15,
  "fields": {
    "user_id": [
      "Clementino"
    ],
    "title": "Happy Birthday POUR JULIEN",
    "release_date": "2023-01-25",
    "song_cover": "song_covers/happy_birthday.jpeg",
    "song_path": "songs/Stevie_Wonder_-_Happy_Birthday.mp3",
    "lyrics": "You know it doesn't make much sense\r\nThere ought to be a law against\r\nAnyone who takes offense\r\nAt a day in your celebration 'cause we all know in our minds\r\nThat there ought to be a time\r\nThat we can set aside\r\nTo show just how much we love you\r\nAnd I'm sure you would agree\r\nWhat could fit more perfectly\r\nThan to have a world party on the day you came to be\r\nHappy birthday to you\r\nHappy birthday to you\r\nHappy birthday\r\nHappy birthday to you\r\nHappy birthday to you\r\nHappy birthday\r\nI just never understood\r\nHow a man who died for good\r\nCould not have a day that would\r\nBe set aside for his recognition\r\nBecause it should never be\r\nJust because some cannot see\r\nThe dream as clear as he\r\nThat they should make it become an illusion\r\nAnd we all know everything\r\nThat he stood for time will bring\r\nFor in peace, our hearts will sing\r\nThanks to Martin Luther King\r\nHappy birthday to you\r\nHappy birthday to you\r\nHappy birthday\r\nHappy birthday to you\r\nHappy birthday to you\r\nHappy birthday\r\nWhy has there never been a holiday\r\nWhere peace is celebrated\r\nAll throughout the world\r\nThe time is overdue\r\nFor people like me and you\r\nWho know the way to truth\r\nIs love and unity to all God's children\r\nIt should be a great event\r\nAnd the whole day should be spent\r\nIn full remembrance\r\nOf those who lived and died for the oneness of all people\r\nSo let us all begin\r\nWe know that love can win\r\nLet it out, don't hold it in\r\nSing it loud as you can\r\nHappy birthday to you\r\nHappy birthday to you\r\nHappy birthday\r\nHappy birthday to you\r\nHappy birthday to you\r\nHappy birthday\r\nHappy birthday to you\r\nHappy birthday to you\r\nHappy birthday\r\nHappy birthday to you\r\nHappy birthday to you\r\nHappy birthday\r\nHappy birthday\r\nHappy birthday\r\nHappy birthday\r\nOoh yeah\r\nHappy birthday\r\nHappy birthday\r\nHappy birthday\r\nHappy birthday\r\nWe know the key to unity of all people\r\nIs in the dream that you had so long ago\r\nThat lives in all of the hearts of people\r\nThat believe in unity\r\nWe'll make the dream become a reality\r\nI know we will\r\nBecause our hearts tell us so\r\nHappy birthday\r\nHappy birthday\r\nHappy birthday\r\nHappy birthday\r\nHappy birthday\r\nHappy birthday\r\nHappy birthday\r\nHappy birthday",
    "is_private": false,
    "genre": [
      7
    ]
  }
},
{
  "model": "backend.song",
  "pk": 16,
  "fields": {
    "user_id": [
      "Hamza"
    ],
    "title": "Introduction",
    "release_date": "2023-01-25",
    "song_cover": "song_covers/hamza-introduction.jpg",
    "song_path": "songs/Hamza_-_Introduction_Clip_officiel.mp3",
    "lyrics": "Si j'avais des ailes, j'irais vivre loin, près des nuages\r\nJ'y suis presque avec du dix ans d'âge\r\nElle veut ci, elle veut ça, elle veut, moi j'ai pas l'temps donc demande à Dieu\r\nP't-être qu'Il t'entendera mieux, en tout cas, c'est mort à deux\r\nCombien de fois ils m'ont tourné le dos, combien de frérots partis trop tôt\r\nQue je reverrai jamais, no more, que je reverrai jamais, no more\r\nJ'ai vidé la 'teille pour adoucir ma peine\r\nC'est le train d'vie que je mène, bat les couilles d'être d'vant la scène\r\nLa vie est belle avec de la moula, en vert ou en violet\r\nC'est pas celle en rose, j'fume et je tise et je rôde\r\nJ'ferais l'impossible pour toi, pour moi, j'ferais même pas le possible\r\nJ'fais que m'noyer dans la Codéine, j'suis maudit\r\nJ'suis cramé, ouais, ouais, la pute, elle sait qu'elle m'aura jamais\r\nJ'en roule un avant d'faner, j'suis jamais seul comme Sadio Mané\r\nJ'ai ramé sale, j'ai fait tout ça parce qu'il le fallait\r\nÇa changera jamais, même si l'addition sera salée\r\nJ'suis cramé, ouais, ouais, la pute, elle sait qu'elle m'aura jamais\r\nJ'en roule un avant d'faner, j'suis jamais seul comme Sadio Mané\r\nJ'ai ramé sale, j'ai fait tout ça parce qu'il le fallait\r\nÇa changera jamais, même si l'addition sera salée (salée, salée, salée, sale)",
    "is_private": false,
    "genre": [
      8
    ]
  }
},
{
  "model": "backend.song",
  "pk": 17,
  "fields": {
    "user_id": [
      "Hamza"
    ],
    "title": "Life",
    "release_date": "2023-01-25",
    "song_cover": "song_covers/life.jpg",
    "song_path": "songs/Hamza_-_Life_Clip_officiel.mp3",
    "lyrics": "J'faisais parti de ces gens affamés juste avant que j'graille\r\nJ'faisais parti de son cœur avant qu'elle me dise bye-bye\r\nJ'm'isole avec toutes sortes de drogues quand j'ai besoin de fly\r\nJe me console chez Bellagio quand j'ai besoin de life\r\nJ'aimerais plus de temps pour savoir ce qui m'intoxique\r\nJ'vis un truc qu'ils sont sûrement pas prêts de vivre\r\nOn me disait \"tu seras jamais, jamais, jamais, jamais riche\"\r\nHors de moi j'suis souvent prêt à faire le pire\r\nJust woke up sur un terrain de golf avec ma nouvelle bitch\r\nJust woke up dans une nouvelle Benz avec un nouveau spliff\r\nOn me disait \"tu seras jamais, jamais, jamais, jamais riche\"\r\nHors de moi, j'suis souvent prêt à faire le pire\r\nJe sais qu'ça te fait du mal\r\nTomber du ciel si c'était pas comme tomber sous ton charme\r\nTu sais qu'ils veulent voir mon sang couler comme tes dernières larmes\r\nAvant que ma money crame\r\nAvant qu'ils prennent mon âme\r\nBentley coupe\r\nJe sais que ces rageux voudraient que j'ai rien mais j'ai tout\r\nSi c'est pour être comme vous, j'préfère rester fou\r\nQue la mif'\r\nWhisky autant âgé que ma MILF\r\nJust motherfuckin' woke up dans un Jeep avec ta bitch\r\nJ'vendrais pas mon âme juste pour un tout petit peu de biff\r\nQui tiendra ma main le jour où j'tomberai dans le vide?\r\nJ'faisais parti de ces gens affamés juste avant que je graille\r\nJ'faisais parti de son cœur avant qu'elle me dise bye-bye\r\nJ'm'isole avec toutes sortes de drogues quand j'ai besoin de fly\r\nJe me console chez Bellagio quand j'ai besoin de life\r\nJ'aimerais plus de temps pour savoir ce qui m'intoxique\r\nJ'vis un truc qu'ils sont sûrement pas prêts de vivre\r\nOn me disait \"tu seras jamais, jamais, jamais, jamais riche\"\r\nHors de moi j'suis souvent prêt à faire le pire\r\nJust woke up sur un terrain de golf avec ma nouvelle bitch\r\nJust woke up dans une nouvelle Benz avec un nouveau spliff\r\nOn me disait \"tu seras jamais, jamais, jamais, jamais riche\"\r\nHors de moi j'suis souvent prêt à faire le pire\r\nIl me faut Jenner ou bien Kylie Minogue\r\nSouhaite-moi le meilleur sinon crève motherfuck\r\nJ'sais qu'elles veulent toutes se faire baiser à mort\r\nJ'suis le plus fort et c'est jugé à tort\r\nSouviens-toi devant le bloc, prendre ce cash dans le stock\r\nJuste moi et mon gang dans le top\r\nFuck une minute, j'veux les baiser maintenant\r\nDis-moi pourquoi tu veux m'aimer maintenant?\r\nPoulet braisé, j'suis en Féfé devant\r\nElle croit que j'vais lui faire un bébé maintenant\r\nTu sais d'où j'viens, j'vais pas baisser mon froc\r\nSouhaite-moi le meilleur ou bien crève motherfuck\r\nJ'faisais parti de ces gens affamés juste avant que j'graille\r\nJ'faisais parti de son cœur avant qu'elle me dise bye-bye\r\nJ'm'isole avec toutes sortes de drogues quand j'ai besoin de fly\r\nJe me console chez Bellagio quand j'ai besoin de life\r\nJ'aimerais plus de temps pour savoir ce qui m'intoxique\r\nJ'vis un truc qu'ils sont sûrement pas prêts de vivre\r\nOn me disait \"tu seras jamais, jamais, jamais, jamais riche\"\r\nHors de moi j'suis souvent prêt à faire le pire\r\nJust woke up sur un terrain de golf avec ma nouvelle bitch\r\nJust woke up dans une nouvelle Benz avec un nouveau spliff\r\nOn me disait \"tu seras jamais, jamais, jamais, jamais riche\"\r\nHors de moi, j'suis souvent prêt à faire le pire",
    "is_private": false,
    "genre": [
      8
    ]
  }
},
{
  "model": "backend.song",
  "pk": 18,
  "fields": {
    "user_id": [
      "Henrique"
    ],
    "title": "Where Dragons Rule - DragonForce",
    "release_date": "2023-01-25",
    "song_cover": "song_covers/where_dragon_rules.jpg",
    "song_path": "songs/DragonForce_-_Where_Dragons_Rule_Official.mp3",
    "lyrics": "Full the moon and midnight sky\r\nThrough the dark they ride\r\nWarriors of forever will sacrifice their right\r\nOne for all and all for one\r\nFuture time has come\r\nFaces filled with torment, your heart beats like a drum\r\nNever you will look back again, you'll fight on 'til the end\r\nTogether we will live on forever more\r\nIn this land we have defended\r\nFrom all things dark and cruel\r\nNow we are defenseless\r\nIn a land where dragons rule\r\nIn this land we have defended\r\nFrom all things dark and cruel\r\nNow we are defenseless\r\nIn a land where dragons rule\r\nDragons rule\r\nWhoa-oh-oh-oh-oh-oh-oh-oh-oh\r\nFlash of steel in the mid-day sun, the battle has begun\r\nBlood spills all around us, but still we carry on\r\nNo mercy we will show to them, the white flag shall be raised\r\nWe'll fight for our freedom right, control this evil craze\r\nWe all stand until the end\r\nAllegiance to this game\r\nIn this land we've defended\r\nFrom all things dark and cruel\r\nNow we're defenseless\r\nIn a land where dragons rule\r\nIn this land we've defended\r\nFrom all things dark and cruel\r\nNow we're defenseless\r\nIn a land where dragons rule\r\nSun sets in the western sky, the battle almost done\r\nThe victory will be glorious, our enemies are gone\r\nWe all stand until the end\r\nAllegiance to this game\r\nIn this land we've defended\r\nFrom all things dark and cruel\r\nNow we're defenseless\r\nIn a land where dragons rule\r\nIn this land we've defended\r\nFrom all things dark and cruel\r\nNow we're defenseless\r\nIn a land where dragons rule\r\nIn this land we've defended\r\nFrom all things dark and cruel\r\nNow we're defenseless\r\nIn a land where dragons rule\r\nIn this land we've defended\r\nFrom all things dark and cruel\r\nNow we're defenseless\r\nIn a land where dragons rule\r\nIn this land we've defended\r\nFrom all things dark and cruel\r\nNow we're defenseless\r\nIn a land where dragons rule\r\nDragons rule\r\nOh-oh-oh-oh-oh-oh-oh-oh-oh-oh-oh-oh-oh",
    "is_private": false,
    "genre": [
      5
    ]
  }
},
{
  "model": "backend.song",
  "pk": 19,
  "fields": {
    "user_id": [
      "David"
    ],
    "title": "One piece - Opening 1",
    "release_date": "2023-01-25",
    "song_cover": "song_covers/onepiece_1.jpg",
    "song_path": "songs/One_Piece_Opening_1_-_We_Are_Special_Episode_1000_1080p_REMASTERED.mp3",
    "lyrics": "ありったけの夢をかき集め\r\n捜し物を探しに行くのさ ONE PIECE\r\n羅針盤なんて 渋滞のもと\r\n熱にうかされ 舵をとるのさ\r\nホコリかぶってた 宝の地図も\r\n確かめたのなら 伝説じゃない!\r\n個人的な嵐は 誰かの\r\nバイオリズム乗っかって\r\n思い過ごせばいい!\r\nありったけの夢をかき集め\r\n捜し物を探しに行くのさ\r\nポケットのコイン、それと\r\nYou wanna be my Friend?\r\nWe are, We are on the cruise!\r\nウィーアー!\r\nぜんぶまに受けて 信じちゃっても\r\n肩を押されて 1歩リードさ\r\n今度会えたなら 話すつもりさ\r\nそれからのことと これからのこと\r\nつまりいつもピンチは誰かに\r\nアピール出来る いいチャンス\r\n自意識過剰に!\r\nしみったれた夜をぶっとばせ!\r\n宝箱に キョウミはないけど\r\nポケットにロマン、それと\r\nYou wanna be my Friend?\r\nWe are, We are on the cruise!\r\nウィーアー!\r\nありったけの夢をかき集め\r\n捜し物を探しに行くのさ\r\nポケットのコイン、それと\r\nYou wanna be my Friend?\r\nWe are, We are on the cruise!\r\nウィーアー!\r\nウィーアー! ウィーアー!",
    "is_private": false,
    "genre": [
      4
    ]
  }
},
{
  "model": "backend.song",
  "pk": 20,
  "fields": {
    "user_id": [
      "Kanye"
    ],
    "title": "Ni**as in paris",
    "release_date": "2023-01-25",
    "song_cover": "song_covers/in_paris.jpeg",
    "song_path": "songs/Jay-Z__Kanye_West_-_Niggas_in_Paris_-_Watch_the_Throne.mp3",
    "lyrics": "We're gonna skate to one song and one song only\r\n(Ball so hard, motherfuckers wanna fine me)\r\nSo I ball so hard, motherfuckers wanna fine me\r\nBut first niggas gotta find me\r\nWhat's fifty grand to a motherfucker like me?\r\nCan you please remind me?\r\nBall so hard, this shit crazy\r\nY'all don't know that don't shit faze me\r\nThe Nets could go 0 for 82\r\nAnd I look at you like this shit gravy\r\nBall so hard, this shit weird\r\nWe ain't even 'posed to be here\r\nBall so hard, but since we here\r\nIt's only right that we'd be fair\r\nPsycho, I'm liable\r\nTo go Michael, take your pick\r\nJackson, Tyson, Jordan, Game 6\r\nBall so hard, got a broke clock\r\nRollies that don't tick-tock\r\nAudemars that's losing time\r\nHidden behind all these big rocks\r\nB-Ball so hard, I'm shocked too\r\nI'm supposed to be locked up too\r\nYou escaped what I escaped\r\nYou'd be in Paris getting fucked up too\r\nB-Ball so hard, let's get faded\r\nLe Meurice for like six days\r\nGold bottles, scold models\r\nSpillin' Ace on my sick J's\r\nB-Ball so hard, bitch, behave\r\nJust might let you meet 'Ye\r\nChi-Towns, D. Rose\r\nI'm moving the Nets, BK\r\nBall so hard motherfuckers wanna fine me\r\nThat shit cray\r\nThat shit cray\r\nThat shit cray\r\nB-Ball so hard motherfuckers wanna fine me\r\nThat shit cray\r\nThat shit cray\r\nThat shit cray\r\nShe said, \"Ye, can we get married at the mall?\"\r\nI said, \"Look, you need to crawl 'fore you ball\r\nCome and meet me in the bathroom stall\r\nAnd show me why you deserve to have it all\"\r\nBall so hard\r\nThat shit cray (that shit cray)\r\nAin't it Jay?\r\nB-Ball so hard\r\nWhat she order? (What she order?)\r\nFish fillet?\r\nB-Ball so hard\r\nYo' whip so cold (whip so cold)\r\nThis old thing?\r\nBall so hard\r\nAct like you'll never be around motherfuckers like this again\r\nBougie girl, grab her hand\r\nFuck that bitch, she 'on't wanna dance\r\n'Scuse my French, but I'm in France\r\nHehe, I'm just sayin'\r\nPrince William's ain't do it right if you ask me\r\n'Cause I was him, I would've (married Kate and Ashley)\r\nWhat's Gucci, my nigga?\r\nWhat's Louis, my killer?\r\nWhat's drugs, my dealer?\r\nWhat's that jacket, Margiela?\r\nDoctors say I'm the illest\r\n'Cause I'm suffering from realness\r\nGot my niggas in Paris and they going gorillas, huh?\r\nI don't even know what that means\r\nNo one knows what it means\r\nBut it's provocative\r\nNo, it's not, it's gross\r\nGets the people going\r\nBall so hard motherfuckers wanna fine me\r\nB-Ball so hard motherfuckers wanna fine me\r\nYou are now watching the throne\r\nDon't let me get in my zone\r\nDon't let me get in my zone\r\nDon't let me get in my zone\r\nThese other niggas is lyin'\r\nActin' like the summer ain't mine\r\nI got that hot bitch in my home\r\nYou know how many hot bitches I own?\r\nDon't let me get in my zone\r\nDon't let me get in my zone\r\nDon't let me get in my zone\r\nDon't let me get in my zone\r\nThe Stars is in the building\r\nThey hands is to the ceiling\r\nI know I'm 'bout to kill it\r\nHow you know I got that feeling?\r\nYou are now watching the throne\r\nDon't let me into my zone\r\nDon't let me into my zone\r\nI'm definitely in my zone",
    "is_private": false,
    "genre": [
      1
    ]
  }
},
{
  "model": "backend.song",
  "pk": 21,
  "fields": {
    "user_id": [
      "Naps"
    ],
    "title": "Recherché",
    "release_date": "2023-01-25",
    "song_cover": "song_covers/recherche.jpg",
    "song_path": "songs/Naps_-_Recherché_Clip_Officiel.mp3",
    "lyrics": "[Intro : Kalif Hardcore]\r\n[?]\r\nCasse pas la tête, frère, ha\r\nGarde-la, celle-là\r\nNonux on the flux\r\nKhalif Hardcore, Sparrow\r\nN.A.P.S, Kikou\r\n[?]\r\n\r\n[Couplet 1 : Naps]\r\nTout l’monde voulait m’signer mais j’suis resté en indé’\r\nL’industrie j’vais la saigner tout en restant dans l’secteur\r\nJ’ai eu mal au cœur quand tu m’as dit “j’reste pas longtemps”\r\nJ’étais en G.A.V hier j’avais trop le boucan\r\nPetit fais pas le con, va à l’école\r\nLaisse tomber le béton, c’est la mort ou la prison\r\nLe poto accélère, ça va il gère le volant\r\nIls m’ont mis trop les nerfs, hendek y’a la douane volante\r\nFaut faire un plan, là j’vais à Plan\r\nNormal sous Clan Campbell, j’ai que des blancs\r\n[Refrain : Naps]\r\nJ’étais recherché ouais j’étais même pas au courant\r\nT’es au quartier, tu veux t’en sortir bon courage\r\nEt à la ‘son, tout l’temps ils coupaient l’courant\r\nHendek le couz’ y’a les civils dans le Touran\r\nJ’étais recherché ouais j’étais même pas au courant\r\nT’es au quartier, tu veux t’en sortir bon courage\r\nEt à la ‘son, tout l’temps ils coupaient l’courant\r\nHendek le couz’ y’a les civils dans le Touran\r\n\r\n[Couplet 2 : Naps]\r\nJ’ai la beuh dans l’OCB là j’suis au Mama Shelter\r\nJ’sais même pas comment elle s’appelle, elle doit passer vers vingt heures\r\nLes yeux rivés vers le ciel, en vrai j’ai mal j’y pense encore\r\nMon poto en cellule il me manque, c’est quand qu’il sort ?\r\nOk j’me cale, toujours au fond du car\r\nComme au Virage, à Marseille ça crie aux armes\r\nJ’ai pas le permis, vas-y la miss prends les commandes\r\nNe fais pas la pilote, n’oublie pas c’est qui qui commande\r\nJ’fais un mélange, j’fais deux mélanges\r\nPuis trois mélanges, là le cous’ j’suis bien khabat\r\n\r\n[Refrain : Naps]\r\nJ’étais recherché ouais j’étais même pas au courant\r\nT’es au quartier, tu veux t’en sortir bon courage\r\nEt à la ‘son, tout l’temps ils coupaient l’courant\r\nHendek le cous’ y’a les civils dans le Touran\r\nJ’étais recherché ouais j’étais même pas au courant\r\nT’es au quartier, tu veux t’en sortir bon courage\r\nEt à la ‘son, tout l’temps ils coupaient l’courant\r\nHendek le cous’ y’a les civils dans le Touran\r\nYou might also like\r\nPoto\r\nNaps\r\n30 ans\r\nBigflo & Oli\r\nDSQUARED2\r\nGambino La MG\r\n[Couplet 3 : Naps]\r\nMettre un pied devant l’autre, on sait que les Anges ils notent\r\nLes grands frères nous l’ont dit, j’fais des nuits blanches sur l’ordi\r\nCe soir j’suis bien khabat, j’ai trouvé une mélodie\r\nVas-y jette moi j’suis à pattes, au pire des cas j’appelle un taxi\r\nJ’suis bien dans ma galaxie, le frère ils l’ont relaxé\r\nFais passer la fuf’ à l’auxi, les hesses ont fermé l’accès\r\n\r\n[Pont : Kalif Hardcore]\r\nRecherché, recherché\r\nRecherché, recherché\r\nJ’suis perché, recherché\r\nJ’suis perché, recherché\r\n\r\n[Refrain : Naps]\r\nJ’étais recherché ouais j’étais même pas au courant\r\nT’es au quartier, tu veux t’en sortir bon courage\r\nEt à la ‘son, tout l’temps ils coupaient l’courant\r\nHendek le cous’ y’a les civils dans le Touran\r\n\r\n[Outro : Naps]\r\nHendek le cous’ y’a les civils dans le Touran\r\nHendek le cous’ y’a les civils dans le Touran\r\nHendek le cous’ y’a les civils dans le Touran",
    "is_private": false,
    "genre": [
      1
    ]
  }
},
{
  "model": "backend.song",
  "pk": 22,
  "fields": {
    "user_id": [
      "SoLaLune"
    ],
    "title": "Eternelle",
    "release_date": "2023-01-25",
    "song_cover": "song_covers/eternelle.png",
    "song_path": "songs/Éternelle.mp3",
    "lyrics": "J'ai jamais cherché un sens à ma vie (ouh ah) j'ai cherché un plan pour naviguer\r\nIls clippent avec des chargeurs vidés, après ils font zerma la cité\r\nJ'vais plaider pour la maladie, aujourd'hui le ciel est sombre comme mes idées\r\nAujourd'hui la côte de l'amour a chuté, aujourd'hui j'ai vu l'ancien parler tout seul\r\nJ'drop un projet où j'te parle de la juge, de comment j'me détruis le foie\r\nParce que on meurt tous à la fin mais toi t'es mon billet d'secours\r\nÇa aide personne de dire que c'est la vie, j'dois partir d'ici m'en veux pas\r\nNotre jeunesse à nous fut si belle et tragique, on ref'ra le monde à l'occas'\r\nFoncecar, j'les regarde ils sont floutés (promets-moi)\r\nJ'finirai dans un coupé (emmenez-moi danser)\r\nJ'peux pas, j'dois écrire des couplets (mais le temps, mais le temps)\r\nJe sais demain parait si près (emmenez-moi danser)\r\nFoncecar, j'les regarde ils sont floutés (promets-moi)\r\nJ'finirai dans un coupé (emmenez-moi danser)\r\nJ'peux pas, j'dois écrire des couplets (mais le temps, mais le temps)\r\nJe sais demain parait si près (emmenez-moi danser)\r\nJ'drop un projet où j'te parle de la juge, de comment j'me détruis le foie\r\nParce que on meurt tous à la fin mais toi t'es mon billet d'secours\r\nÇa aide personne de dire que c'est la vie, j'dois partir d'ici m'en veux pas\r\nNotre jeunesse à nous fut si belle et tragique, on ref'ra le monde à l'occas'\r\nÇa aide personne de dire que c'est la vie\r\nOn ref'ra le monde à l'occas'",
    "is_private": false,
    "genre": [
      1
    ]
  }
},
{
  "model": "backend.song",
  "pk": 23,
  "fields": {
    "user_id": [
      "Anasse"
    ],
    "title": "Phenomene - Kekra",
    "release_date": "2023-01-25",
    "song_cover": "song_covers/phenomene.jpg",
    "song_path": "songs/Kekra_-_Phénomène_Clip_officiel.mp3",
    "lyrics": "Tu ne voulais que gâter le phénomène, bah ouais\r\nEt ne demandais jamais de mes nouvelles, bah ouais\r\nTu ne voulais que gâter le phénomène, bah ouais\r\nMais trop tard, l'allumette s'est craquée, regarde-la cramer tout le kérosène, bah ouais\r\nTu ne voulais que gâter le phénomène\r\nTu ne voulais que gâter le phénomène\r\nTu ne voulais que gâter le phénomène\r\nMais trop tard, l'allumette s'еst craquée, regarde-la cramer tout le kérosène, bah ouais\r\nJ'crois bien qu'le temps de la Belle au calme, se fait fuck depuis bien longtemps\r\nRegarde mal, goûte à l'arrière du van, finit traumat' en un rien d'temps\r\nTa rrière-ca dans un bain d'sang, j'aime un rageux qui n'est pas content\r\nBillets d'500 m'sert de gain d'temps, finie l'époque des quatre temps\r\nLa concu', j'tords comme un hameçon, dégaine est bad, Michael Jackson\r\nVision du cœur \"Comme des Garçons\", lunettes Maybach, regard perçant\r\nBats les illes-cou, fuck ton élite, t'façon, on a c'que l'on mérite\r\nÇa bouchonne, on survole le périph', té-ma comme le flow est terrible\r\nJ'suis pas venu pour entendre qu'on m'apprécie\r\nJ'ai moins d'place dans mon cœur qu'dans mon dressing\r\nC'qui tue pas rend plus fort comme un blessing, l'argent blanchi ressort carré du pressing\r\nY a que quand tout va bien qu'j'entends \"fais-signe\", t'étais pas là quand c'était la Sicile\r\nT'étais pas là quand j'saignais la cuisine donc t'étonne pas si t'es pas là pour la piscine\r\nTu ne voulais que gâter le phénomène, bah ouais\r\nEt ne demandais jamais de mes nouvelles, bah ouais\r\nTu ne voulais que gâter le phénomène, bah ouais\r\nMais trop tard, l'allumette s'est craquée, regarde-la cramer tout le kérosène, bah ouais\r\nTu ne voulais que gâter le phénomène\r\nTu ne voulais que gâter le phénomène\r\nTu ne voulais que gâter le phénomène\r\nMais trop tard, l'allumette s'est craquée, regarde-la cramer tout le kérosène, bah ouais\r\nTrop violent, j'ai viré la vedette, 9-2-400 sur la pesette\r\nCapuché devant la recette, j'regarde l'argent rentrer toute la semaine\r\nJ'ai la compét' en sang sous la semelle, t'es pas content, j'ai pas besoin de ton aide\r\nJ'ai mon objet tranchant pour la querelle, j'avance tranquille, la conscience est sereine\r\nBitch, la confiance en nous, on l'a, j'sais pas pourquoi tu voudrais qu'on t'amène\r\nVa dire aux rageux qu'ils pourront pas, ils n'ont jamais piqué, pour nous, c'est la même\r\nDevant l'écran, t'es fou à c'qui paraît, devant nous, tu feras rien sauf du running\r\nC'est soit tu perds la main, soit on t'balaye, saute à pieds joints sur toi comme la marelle\r\nPour nous, c'est pareil\r\nJ'suis pas venu pour entendre qu'on m'apprécie\r\nJ'ai moins d'place dans mon cœur qu'dans mon dressing\r\nC'qui tue pas rend plus fort comme un blessing, l'argent blanchi ressort carré du pressing\r\nY a que quand tout va bien qu'j'entends \"fais-signe\", t'étais pas là quand c'était la Sicile\r\nT'étais pas là quand j'saignais la cuisine donc t'étonnes pas si t'es pas là pour la piscine\r\nTu ne voulais que gâter le phénomène, bah ouais\r\nEt ne demandais jamais de mes nouvelles, bah ouais\r\nTu ne voulais que gâter le phénomène, bah ouais\r\nMais trop tard, l'allumette s'est craquée, regarde-la cramer tout le kérosène, bah ouais\r\nTu ne voulais que gâter le phénomène\r\nTu ne voulais que gâter le phénomène\r\nTu ne voulais que gâter le phénomène\r\nMais trop tard, l'allumette s'est craquée, regarde-la cramer tout le kérosène, bah ouais\r\nRegarde-la cramer tout le kérosène, bah ouais\r\nRegarde-la cramer tout le kérosène, bah ouais",
    "is_private": false,
    "genre": [
      1
    ]
  }
},
{
  "model": "backend.comment",
  "pk": 15,
  "fields": {
    "user_id": [
      "Kerchak"
    ],
    "song_id": 8,
    "text": "love that !",
    "date": "2023-01-25T10:02:30.263Z"
  }
},
{
  "model": "backend.comment",
  "pk": 16,
  "fields": {
    "user_id": [
      "Kerchak"
    ],
    "song_id": 10,
    "text": "so sick !!!",
    "date": "2023-01-25T10:02:43.682Z"
  }
},
{
  "model": "backend.comment",
  "pk": 17,
  "fields": {
    "user_id": [
      "Clementino"
    ],
    "song_id": 8,
    "text": "Je partage à tous mes amis ! ;)",
    "date": "2023-01-25T10:09:28.923Z"
  }
},
{
  "model": "backend.comment",
  "pk": 18,
  "fields": {
    "user_id": [
      "Clementino"
    ],
    "song_id": 13,
    "text": "Je suis ton plus grand fan !!",
    "date": "2023-01-25T10:09:48.399Z"
  }
},
{
  "model": "backend.comment",
  "pk": 19,
  "fields": {
    "user_id": [
      "Clementino"
    ],
    "song_id": 14,
    "text": "Ma Suisse je t'aime",
    "date": "2023-01-25T10:09:58.014Z"
  }
},
{
  "model": "backend.comment",
  "pk": 20,
  "fields": {
    "user_id": [
      "Hamza"
    ],
    "song_id": 10,
    "text": "Une source d'inspiration",
    "date": "2023-01-25T10:14:25.971Z"
  }
},
{
  "model": "backend.comment",
  "pk": 21,
  "fields": {
    "user_id": [
      "Hamza"
    ],
    "song_id": 13,
    "text": "Pas mon style, mais très bien fait",
    "date": "2023-01-25T10:14:41.264Z"
  }
},
{
  "model": "backend.comment",
  "pk": 22,
  "fields": {
    "user_id": [
      "Hamza"
    ],
    "song_id": 11,
    "text": "J'aime beaucoup",
    "date": "2023-01-25T10:14:56.130Z"
  }
},
{
  "model": "backend.comment",
  "pk": 23,
  "fields": {
    "user_id": [
      "Hamza"
    ],
    "song_id": 12,
    "text": "Cool",
    "date": "2023-01-25T10:15:09.799Z"
  }
},
{
  "model": "backend.comment",
  "pk": 24,
  "fields": {
    "user_id": [
      "Henrique"
    ],
    "song_id": 18,
    "text": "Mon son du moment",
    "date": "2023-01-25T10:17:50.276Z"
  }
},
{
  "model": "backend.comment",
  "pk": 25,
  "fields": {
    "user_id": [
      "Henrique"
    ],
    "song_id": 15,
    "text": "Bon anniv julien !!",
    "date": "2023-01-25T10:18:01.305Z"
  }
},
{
  "model": "backend.comment",
  "pk": 26,
  "fields": {
    "user_id": [
      "Henrique"
    ],
    "song_id": 12,
    "text": "pas du vrai son pour moi, désolé",
    "date": "2023-01-25T10:18:19.135Z"
  }
},
{
  "model": "backend.comment",
  "pk": 27,
  "fields": {
    "user_id": [
      "David"
    ],
    "song_id": 19,
    "text": "Mon anime préféré",
    "date": "2023-01-25T10:20:12.745Z"
  }
},
{
  "model": "backend.comment",
  "pk": 28,
  "fields": {
    "user_id": [
      "David"
    ],
    "song_id": 8,
    "text": "j'aime",
    "date": "2023-01-25T10:20:21.347Z"
  }
},
{
  "model": "backend.comment",
  "pk": 29,
  "fields": {
    "user_id": [
      "David"
    ],
    "song_id": 9,
    "text": "Incredible",
    "date": "2023-01-25T10:20:31.715Z"
  }
},
{
  "model": "backend.comment",
  "pk": 30,
  "fields": {
    "user_id": [
      "David"
    ],
    "song_id": 11,
    "text": "de la vrai jersey",
    "date": "2023-01-25T10:20:48.349Z"
  }
},
{
  "model": "backend.comment",
  "pk": 31,
  "fields": {
    "user_id": [
      "David"
    ],
    "song_id": 13,
    "text": "Un classique",
    "date": "2023-01-25T10:21:00.424Z"
  }
},
{
  "model": "backend.comment",
  "pk": 32,
  "fields": {
    "user_id": [
      "David"
    ],
    "song_id": 17,
    "text": "mon artiste du moment",
    "date": "2023-01-25T10:21:11.793Z"
  }
},
{
  "model": "backend.comment",
  "pk": 33,
  "fields": {
    "user_id": [
      "Kanye"
    ],
    "song_id": 13,
    "text": "Like it",
    "date": "2023-01-25T10:24:23.744Z"
  }
},
{
  "model": "backend.comment",
  "pk": 34,
  "fields": {
    "user_id": [
      "Kanye"
    ],
    "song_id": 15,
    "text": "Hb julien",
    "date": "2023-01-25T10:24:33.655Z"
  }
},
{
  "model": "backend.comment",
  "pk": 35,
  "fields": {
    "user_id": [
      "Naps"
    ],
    "song_id": 13,
    "text": "Classique",
    "date": "2023-01-25T10:36:20.376Z"
  }
},
{
  "model": "backend.comment",
  "pk": 36,
  "fields": {
    "user_id": [
      "Naps"
    ],
    "song_id": 15,
    "text": "HB julien !!!!",
    "date": "2023-01-25T10:36:52.802Z"
  }
},
{
  "model": "backend.comment",
  "pk": 37,
  "fields": {
    "user_id": [
      "Naps"
    ],
    "song_id": 11,
    "text": "La nouvelle génération",
    "date": "2023-01-25T10:37:16.686Z"
  }
},
{
  "model": "backend.comment",
  "pk": 38,
  "fields": {
    "user_id": [
      "Naps"
    ],
    "song_id": 12,
    "text": "Un de tes meilleurs sons",
    "date": "2023-01-25T10:37:37.013Z"
  }
},
{
  "model": "backend.comment",
  "pk": 39,
  "fields": {
    "user_id": [
      "Naps"
    ],
    "song_id": 20,
    "text": "Classique du rap",
    "date": "2023-01-25T10:37:43.644Z"
  }
},
{
  "model": "backend.comment",
  "pk": 40,
  "fields": {
    "user_id": [
      "SoLaLune"
    ],
    "song_id": 21,
    "text": "classique du rap francais",
    "date": "2023-01-25T10:39:43.715Z"
  }
},
{
  "model": "backend.comment",
  "pk": 41,
  "fields": {
    "user_id": [
      "SoLaLune"
    ],
    "song_id": 15,
    "text": "Bon anniv julien",
    "date": "2023-01-25T10:42:34.368Z"
  }
},
{
  "model": "backend.comment",
  "pk": 42,
  "fields": {
    "user_id": [
      "SoLaLune"
    ],
    "song_id": 16,
    "text": "Incroyable",
    "date": "2023-01-25T10:42:56.493Z"
  }
},
{
  "model": "backend.comment",
  "pk": 43,
  "fields": {
    "user_id": [
      "Kerchak"
    ],
    "song_id": 22,
    "text": "Validé",
    "date": "2023-01-25T10:44:45.239Z"
  }
},
{
  "model": "backend.comment",
  "pk": 44,
  "fields": {
    "user_id": [
      "Kerchak"
    ],
    "song_id": 15,
    "text": "bon anniv juju",
    "date": "2023-01-25T10:45:05.782Z"
  }
},
{
  "model": "backend.comment",
  "pk": 45,
  "fields": {
    "user_id": [
      "Kerchak"
    ],
    "song_id": 16,
    "text": "Meilleur intro",
    "date": "2023-01-25T10:45:15.078Z"
  }
},
{
  "model": "backend.comment",
  "pk": 46,
  "fields": {
    "user_id": [
      "Anasse"
    ],
    "song_id": 15,
    "text": "Bonn anniv julien mon pote",
    "date": "2023-01-25T10:49:28.728Z"
  }
},
{
  "model": "backend.like",
  "pk": 65,
  "fields": {
    "user_id": [
      "Kerchak"
    ],
    "song_id": 8,
    "date": "2023-01-25T10:02:23.860Z"
  }
},
{
  "model": "backend.like",
  "pk": 66,
  "fields": {
    "user_id": [
      "Kerchak"
    ],
    "song_id": 10,
    "date": "2023-01-25T10:02:36.883Z"
  }
},
{
  "model": "backend.like",
  "pk": 67,
  "fields": {
    "user_id": [
      "Clementino"
    ],
    "song_id": 8,
    "date": "2023-01-25T10:09:11.765Z"
  }
},
{
  "model": "backend.like",
  "pk": 68,
  "fields": {
    "user_id": [
      "Clementino"
    ],
    "song_id": 13,
    "date": "2023-01-25T10:09:40.263Z"
  }
},
{
  "model": "backend.like",
  "pk": 69,
  "fields": {
    "user_id": [
      "Clementino"
    ],
    "song_id": 14,
    "date": "2023-01-25T10:09:51.433Z"
  }
},
{
  "model": "backend.like",
  "pk": 70,
  "fields": {
    "user_id": [
      "Hamza"
    ],
    "song_id": 10,
    "date": "2023-01-25T10:14:18.994Z"
  }
},
{
  "model": "backend.like",
  "pk": 71,
  "fields": {
    "user_id": [
      "Hamza"
    ],
    "song_id": 13,
    "date": "2023-01-25T10:14:29.003Z"
  }
},
{
  "model": "backend.like",
  "pk": 72,
  "fields": {
    "user_id": [
      "Hamza"
    ],
    "song_id": 11,
    "date": "2023-01-25T10:14:44.580Z"
  }
},
{
  "model": "backend.like",
  "pk": 73,
  "fields": {
    "user_id": [
      "Hamza"
    ],
    "song_id": 12,
    "date": "2023-01-25T10:14:59.310Z"
  }
},
{
  "model": "backend.like",
  "pk": 74,
  "fields": {
    "user_id": [
      "Henrique"
    ],
    "song_id": 18,
    "date": "2023-01-25T10:17:52.986Z"
  }
},
{
  "model": "backend.like",
  "pk": 75,
  "fields": {
    "user_id": [
      "Henrique"
    ],
    "song_id": 15,
    "date": "2023-01-25T10:18:07.291Z"
  }
},
{
  "model": "backend.like",
  "pk": 76,
  "fields": {
    "user_id": [
      "Henrique"
    ],
    "song_id": 9,
    "date": "2023-01-25T10:18:21.871Z"
  }
},
{
  "model": "backend.like",
  "pk": 77,
  "fields": {
    "user_id": [
      "Henrique"
    ],
    "song_id": 8,
    "date": "2023-01-25T10:18:24.001Z"
  }
},
{
  "model": "backend.like",
  "pk": 78,
  "fields": {
    "user_id": [
      "Henrique"
    ],
    "song_id": 14,
    "date": "2023-01-25T10:18:26.422Z"
  }
},
{
  "model": "backend.like",
  "pk": 79,
  "fields": {
    "user_id": [
      "Henrique"
    ],
    "song_id": 13,
    "date": "2023-01-25T10:18:28.317Z"
  }
},
{
  "model": "backend.like",
  "pk": 80,
  "fields": {
    "user_id": [
      "David"
    ],
    "song_id": 19,
    "date": "2023-01-25T10:20:08.286Z"
  }
},
{
  "model": "backend.like",
  "pk": 81,
  "fields": {
    "user_id": [
      "David"
    ],
    "song_id": 8,
    "date": "2023-01-25T10:20:17.785Z"
  }
},
{
  "model": "backend.like",
  "pk": 82,
  "fields": {
    "user_id": [
      "David"
    ],
    "song_id": 9,
    "date": "2023-01-25T10:20:23.490Z"
  }
},
{
  "model": "backend.like",
  "pk": 83,
  "fields": {
    "user_id": [
      "David"
    ],
    "song_id": 11,
    "date": "2023-01-25T10:20:36.904Z"
  }
},
{
  "model": "backend.like",
  "pk": 84,
  "fields": {
    "user_id": [
      "David"
    ],
    "song_id": 12,
    "date": "2023-01-25T10:20:51.504Z"
  }
},
{
  "model": "backend.like",
  "pk": 85,
  "fields": {
    "user_id": [
      "David"
    ],
    "song_id": 13,
    "date": "2023-01-25T10:20:55.757Z"
  }
},
{
  "model": "backend.like",
  "pk": 86,
  "fields": {
    "user_id": [
      "David"
    ],
    "song_id": 17,
    "date": "2023-01-25T10:21:04.044Z"
  }
},
{
  "model": "backend.like",
  "pk": 87,
  "fields": {
    "user_id": [
      "Kanye"
    ],
    "song_id": 13,
    "date": "2023-01-25T10:24:19.147Z"
  }
},
{
  "model": "backend.like",
  "pk": 88,
  "fields": {
    "user_id": [
      "Kanye"
    ],
    "song_id": 15,
    "date": "2023-01-25T10:24:27.262Z"
  }
},
{
  "model": "backend.like",
  "pk": 89,
  "fields": {
    "user_id": [
      "Kanye"
    ],
    "song_id": 19,
    "date": "2023-01-25T10:24:36.142Z"
  }
},
{
  "model": "backend.like",
  "pk": 90,
  "fields": {
    "user_id": [
      "Kanye"
    ],
    "song_id": 11,
    "date": "2023-01-25T10:24:41.254Z"
  }
},
{
  "model": "backend.like",
  "pk": 91,
  "fields": {
    "user_id": [
      "Naps"
    ],
    "song_id": 13,
    "date": "2023-01-25T10:36:11.859Z"
  }
},
{
  "model": "backend.like",
  "pk": 92,
  "fields": {
    "user_id": [
      "Naps"
    ],
    "song_id": 15,
    "date": "2023-01-25T10:36:47.836Z"
  }
},
{
  "model": "backend.like",
  "pk": 93,
  "fields": {
    "user_id": [
      "Naps"
    ],
    "song_id": 19,
    "date": "2023-01-25T10:36:59.085Z"
  }
},
{
  "model": "backend.like",
  "pk": 94,
  "fields": {
    "user_id": [
      "Naps"
    ],
    "song_id": 11,
    "date": "2023-01-25T10:37:05.313Z"
  }
},
{
  "model": "backend.like",
  "pk": 95,
  "fields": {
    "user_id": [
      "Naps"
    ],
    "song_id": 10,
    "date": "2023-01-25T10:37:19.388Z"
  }
},
{
  "model": "backend.like",
  "pk": 96,
  "fields": {
    "user_id": [
      "Naps"
    ],
    "song_id": 9,
    "date": "2023-01-25T10:37:25.144Z"
  }
},
{
  "model": "backend.like",
  "pk": 97,
  "fields": {
    "user_id": [
      "Naps"
    ],
    "song_id": 8,
    "date": "2023-01-25T10:37:27.723Z"
  }
},
{
  "model": "backend.like",
  "pk": 98,
  "fields": {
    "user_id": [
      "Naps"
    ],
    "song_id": 12,
    "date": "2023-01-25T10:37:30.405Z"
  }
},
{
  "model": "backend.like",
  "pk": 99,
  "fields": {
    "user_id": [
      "Naps"
    ],
    "song_id": 20,
    "date": "2023-01-25T10:37:39.716Z"
  }
},
{
  "model": "backend.like",
  "pk": 100,
  "fields": {
    "user_id": [
      "Naps"
    ],
    "song_id": 21,
    "date": "2023-01-25T10:38:15.342Z"
  }
},
{
  "model": "backend.like",
  "pk": 101,
  "fields": {
    "user_id": [
      "SoLaLune"
    ],
    "song_id": 21,
    "date": "2023-01-25T10:39:36.367Z"
  }
},
{
  "model": "backend.like",
  "pk": 102,
  "fields": {
    "user_id": [
      "SoLaLune"
    ],
    "song_id": 10,
    "date": "2023-01-25T10:42:24.586Z"
  }
},
{
  "model": "backend.like",
  "pk": 103,
  "fields": {
    "user_id": [
      "SoLaLune"
    ],
    "song_id": 15,
    "date": "2023-01-25T10:42:28.847Z"
  }
},
{
  "model": "backend.like",
  "pk": 104,
  "fields": {
    "user_id": [
      "SoLaLune"
    ],
    "song_id": 16,
    "date": "2023-01-25T10:42:50.582Z"
  }
},
{
  "model": "backend.like",
  "pk": 105,
  "fields": {
    "user_id": [
      "SoLaLune"
    ],
    "song_id": 14,
    "date": "2023-01-25T10:43:05.247Z"
  }
},
{
  "model": "backend.like",
  "pk": 106,
  "fields": {
    "user_id": [
      "SoLaLune"
    ],
    "song_id": 13,
    "date": "2023-01-25T10:43:07.849Z"
  }
},
{
  "model": "backend.like",
  "pk": 107,
  "fields": {
    "user_id": [
      "SoLaLune"
    ],
    "song_id": 19,
    "date": "2023-01-25T10:43:09.876Z"
  }
},
{
  "model": "backend.like",
  "pk": 108,
  "fields": {
    "user_id": [
      "SoLaLune"
    ],
    "song_id": 11,
    "date": "2023-01-25T10:43:12.037Z"
  }
},
{
  "model": "backend.like",
  "pk": 109,
  "fields": {
    "user_id": [
      "SoLaLune"
    ],
    "song_id": 12,
    "date": "2023-01-25T10:43:14.121Z"
  }
},
{
  "model": "backend.like",
  "pk": 110,
  "fields": {
    "user_id": [
      "SoLaLune"
    ],
    "song_id": 9,
    "date": "2023-01-25T10:43:19.516Z"
  }
},
{
  "model": "backend.like",
  "pk": 111,
  "fields": {
    "user_id": [
      "SoLaLune"
    ],
    "song_id": 8,
    "date": "2023-01-25T10:43:30.375Z"
  }
},
{
  "model": "backend.like",
  "pk": 112,
  "fields": {
    "user_id": [
      "SoLaLune"
    ],
    "song_id": 20,
    "date": "2023-01-25T10:43:45.240Z"
  }
},
{
  "model": "backend.like",
  "pk": 113,
  "fields": {
    "user_id": [
      "Kerchak"
    ],
    "song_id": 22,
    "date": "2023-01-25T10:44:40.472Z"
  }
},
{
  "model": "backend.like",
  "pk": 114,
  "fields": {
    "user_id": [
      "Kerchak"
    ],
    "song_id": 21,
    "date": "2023-01-25T10:44:48.914Z"
  }
},
{
  "model": "backend.like",
  "pk": 115,
  "fields": {
    "user_id": [
      "Kerchak"
    ],
    "song_id": 12,
    "date": "2023-01-25T10:44:51.192Z"
  }
},
{
  "model": "backend.like",
  "pk": 116,
  "fields": {
    "user_id": [
      "Kerchak"
    ],
    "song_id": 9,
    "date": "2023-01-25T10:44:53.624Z"
  }
},
{
  "model": "backend.like",
  "pk": 117,
  "fields": {
    "user_id": [
      "Kerchak"
    ],
    "song_id": 19,
    "date": "2023-01-25T10:44:57.383Z"
  }
},
{
  "model": "backend.like",
  "pk": 118,
  "fields": {
    "user_id": [
      "Kerchak"
    ],
    "song_id": 15,
    "date": "2023-01-25T10:44:59.948Z"
  }
},
{
  "model": "backend.like",
  "pk": 119,
  "fields": {
    "user_id": [
      "Kerchak"
    ],
    "song_id": 16,
    "date": "2023-01-25T10:45:08.092Z"
  }
},
{
  "model": "backend.like",
  "pk": 120,
  "fields": {
    "user_id": [
      "Anasse"
    ],
    "song_id": 23,
    "date": "2023-01-25T10:49:02.745Z"
  }
},
{
  "model": "backend.like",
  "pk": 121,
  "fields": {
    "user_id": [
      "Anasse"
    ],
    "song_id": 10,
    "date": "2023-01-25T10:49:10.396Z"
  }
},
{
  "model": "backend.like",
  "pk": 122,
  "fields": {
    "user_id": [
      "Anasse"
    ],
    "song_id": 19,
    "date": "2023-01-25T10:49:14.260Z"
  }
},
{
  "model": "backend.like",
  "pk": 123,
  "fields": {
    "user_id": [
      "Anasse"
    ],
    "song_id": 12,
    "date": "2023-01-25T10:49:16.888Z"
  }
},
{
  "model": "backend.like",
  "pk": 124,
  "fields": {
    "user_id": [
      "Anasse"
    ],
    "song_id": 15,
    "date": "2023-01-25T10:49:19.436Z"
  }
},
{
  "model": "backend.like",
  "pk": 125,
  "fields": {
    "user_id": [
      "Anasse"
    ],
    "song_id": 13,
    "date": "2023-01-25T10:51:24.125Z"
  }
},
{
  "model": "backend.like",
  "pk": 126,
  "fields": {
    "user_id": [
      "Anasse"
    ],
    "song_id": 16,
    "date": "2023-01-25T10:52:40.332Z"
  }
},
{
  "model": "backend.like",
  "pk": 127,
  "fields": {
    "user_id": [
      "Anasse"
    ],
    "song_id": 11,
    "date": "2023-01-25T11:13:56.508Z"
  }
},
{
  "model": "backend.like",
  "pk": 128,
  "fields": {
    "user_id": [
      "Anasse"
    ],
    "song_id": 8,
    "date": "2023-01-25T11:16:29.427Z"
  }
},
{
  "model": "backend.genre",
  "pk": 1,
  "fields": {
    "name": "Rap"
  }
},
{
  "model": "backend.genre",
  "pk": 2,
  "fields": {
    "name": "Hip Hop"
  }
},
{
  "model": "backend.genre",
  "pk": 3,
  "fields": {
    "name": "Pop"
  }
},
{
  "model": "backend.genre",
  "pk": 4,
  "fields": {
    "name": "Instrumental"
  }
},
{
  "model": "backend.genre",
  "pk": 5,
  "fields": {
    "name": "Rock"
  }
},
{
  "model": "backend.genre",
  "pk": 6,
  "fields": {
    "name": "Jazz"
  }
},
{
  "model": "backend.genre",
  "pk": 7,
  "fields": {
    "name": "Classical"
  }
},
{
  "model": "backend.genre",
  "pk": 8,
  "fields": {
    "name": "Rnb"
  }
},
{
  "model": "backend.genre",
  "pk": 9,
  "fields": {
    "name": "Other"
  }
},
{
  "model": "knox.authtoken",
  "pk": "1c1ce819f5740fe8327721eb2acabad522ba3b32bd197aa2032940f34cc39e674574b1d4cb03b05b3c238253b5b1e8560657922893a07a1b252362289cb78966",
  "fields": {
    "token_key": "4e180a7d",
    "user": [
      "Angele"
    ],
    "created": "2023-01-25T10:04:51.431Z",
    "expiry": "2023-01-25T20:04:51.430Z"
  }
},
{
  "model": "knox.authtoken",
  "pk": "2a44154a90687b2430ca2c378c9c4f56f421efc20bc04b5777b3828f39a29367d009377b3fed9d6e312a7c4cb8e50c1ed34f4e55b8cdadf7a36b1de7a3910320",
  "fields": {
    "token_key": "6fc0e381",
    "user": [
      "Kerchak"
    ],
    "created": "2023-01-25T10:44:36.859Z",
    "expiry": "2023-01-25T20:44:36.859Z"
  }
},
{
  "model": "knox.authtoken",
  "pk": "379749c474f5d9410140413515af6af202c46a8eed944ecaec5dc45d9901b80b043ac6ca1f542b3cb33ec4d79589a167e8b849f882c579b18490bcbcb5a7f490",
  "fields": {
    "token_key": "d0e63d39",
    "user": [
      "Anasse"
    ],
    "created": "2023-01-25T10:46:57.759Z",
    "expiry": "2023-01-25T20:46:57.759Z"
  }
},
{
  "model": "knox.authtoken",
  "pk": "404c64fadcb19bfe3f4c14948a2982b2688f27ab74287e5e6869a291bb96e3e72c4eb451a9c8ae17ada27f15b8cc6e94b170ca592a99d494836102240a861d5a",
  "fields": {
    "token_key": "e28af2d6",
    "user": [
      "Ninho"
    ],
    "created": "2023-01-25T09:54:45.311Z",
    "expiry": "2023-01-25T19:54:45.311Z"
  }
},
{
  "model": "knox.authtoken",
  "pk": "4a14c8a34baefeca6a875bcf0295a81fb81f08f0b0ff05681c7927f86510381929ee64ede39f5b79ee27819aef84d3d1215abca6a5f965ed799f578bfbc48d4b",
  "fields": {
    "token_key": "cf0e86a5",
    "user": [
      "Kanye"
    ],
    "created": "2023-01-25T10:23:12.853Z",
    "expiry": "2023-01-25T20:23:12.853Z"
  }
},
{
  "model": "knox.authtoken",
  "pk": "523b9dbcb2a0625f7014f3981b16543f33d2cc90554fd352751a4efd8e2ead5c4ddab332d3aefd582e7e25ba2074d0c037f0dca47a6ab19cf383a0ee23d4428d",
  "fields": {
    "token_key": "fa6153d1",
    "user": [
      "David"
    ],
    "created": "2023-01-25T10:19:16.590Z",
    "expiry": "2023-01-25T20:19:16.590Z"
  }
},
{
  "model": "knox.authtoken",
  "pk": "9509d7daa591a5d56b6ec67cb4a00cb52de4a8836054f54dda265493130af7b0f8fb33cbdd4f54f911bc0c0e4a3f1adbd9d63bcf2b8aaea3ea475758b61e7eb7",
  "fields": {
    "token_key": "5e71b834",
    "user": [
      "SoLaLune"
    ],
    "created": "2023-01-25T10:39:25.383Z",
    "expiry": "2023-01-25T20:39:25.382Z"
  }
},
{
  "model": "knox.authtoken",
  "pk": "a10c41c5f6f16aaa4e611a2dfa8ebfe17df3b5ce050831657063f689298c37d033ea53bd0a89df08281bc26eda5835d5e522ebcad302eb6ce390568fc407e05a",
  "fields": {
    "token_key": "5b68ca58",
    "user": [
      "Henrique"
    ],
    "created": "2023-01-25T10:16:27.596Z",
    "expiry": "2023-01-25T20:16:27.595Z"
  }
},
{
  "model": "knox.authtoken",
  "pk": "a263f48feb00559d8b59d761e59db02dd7bb670c9736d06535d9497d55c6bdff6b37692a12f5c011be14da88deeb5a45de2e7a2604ed094b8a3d83f7335fd55c",
  "fields": {
    "token_key": "40a3e88c",
    "user": [
      "Anasse"
    ],
    "created": "2023-01-25T08:45:42.828Z",
    "expiry": "2023-01-25T18:45:42.827Z"
  }
},
{
  "model": "knox.authtoken",
  "pk": "ad87453d6a87aca47fb0ea2e0964ea6042d94e7077abcfc5ef6747762c36ab19897bbc6637b877ffc31b60ffadf968140caa364e4f003a36827f67106f29148b",
  "fields": {
    "token_key": "0a208ce0",
    "user": [
      "Anasse"
    ],
    "created": "2023-01-25T11:13:05.991Z",
    "expiry": "2023-01-25T21:13:05.991Z"
  }
},
{
  "model": "knox.authtoken",
  "pk": "b401030e59c1faa14b556f984760e2c3c9b15b37e743b913e1e8261579213d70cc2bd751ab8fce511fa9d0f188bf735ff41b92edc05f34c4f88f9f2ace3cccde",
  "fields": {
    "token_key": "43155c1b",
    "user": [
      "Ninho"
    ],
    "created": "2023-01-25T10:03:24.029Z",
    "expiry": "2023-01-25T20:03:24.028Z"
  }
},
{
  "model": "knox.authtoken",
  "pk": "b84a4680c045c33053fe457080cfda693228454a2c372d500b66e1352bd9ce69c07544d1e2f66bc615b1d538a22397852eb66d766ec5b94bdf7a6e5dd657862c",
  "fields": {
    "token_key": "8144c9b2",
    "user": [
      "Kerchak"
    ],
    "created": "2023-01-25T10:01:16.049Z",
    "expiry": "2023-01-25T20:01:16.049Z"
  }
},
{
  "model": "knox.authtoken",
  "pk": "b89936cee2121522f5b65936e21eb5a24d936d788edae1042d40abac62931a8f1f85e24a64b2e2f06f53c6e7dbeb56d49e9ab97b9fc66634cabc6a16e184963d",
  "fields": {
    "token_key": "893c2b05",
    "user": [
      "Clementino"
    ],
    "created": "2023-01-25T10:07:43.742Z",
    "expiry": "2023-01-25T20:07:43.742Z"
  }
},
{
  "model": "knox.authtoken",
  "pk": "bb192d659861fe5a8d6a2720c1aaaa849aeeeb80422e56eb3b242eb6c712ca84157e1ad76cb78357baf2cb3792898d11a7a51cce7bda6ffa66433bed1b0c1713",
  "fields": {
    "token_key": "74f17814",
    "user": [
      "Hamza"
    ],
    "created": "2023-01-25T10:11:22.097Z",
    "expiry": "2023-01-25T20:11:22.096Z"
  }
},
{
  "model": "knox.authtoken",
  "pk": "dba56bb76178d9b0a7d9bad13e999a6ca0ff0e4db3d5e1089703820fac81de027794b174b26e45b8598ae1fd339e908591710e5921cb3107ea5eef1cd5abffe4",
  "fields": {
    "token_key": "a96337a0",
    "user": [
      "Naps"
    ],
    "created": "2023-01-25T10:25:34.149Z",
    "expiry": "2023-01-25T20:25:34.149Z"
  }
},
{
  "model": "knox.authtoken",
  "pk": "e9e1332f042d090327b9498fc81b4bd514157d6b7c58a79cfadd5d0839765f6cd66edc1dab21190cd7e35b9384b46953257b0df54f8530cba018d89c1453d0ec",
  "fields": {
    "token_key": "3e236414",
    "user": [
      "Drake"
    ],
    "created": "2023-01-25T09:57:01.088Z",
    "expiry": "2023-01-25T19:57:01.087Z"
  }
},
{
  "model": "admin.logentry",
  "pk": 1,
  "fields": {
    "action_time": "2022-12-21T12:40:41.080Z",
    "user": [
      "Anasse"
    ],
    "content_type": [
      "backend",
      "user"
    ],
    "object_id": "4",
    "object_repr": "david",
    "action_flag": 1,
    "change_message": "[{\"added\": {}}]"
  }
},
{
  "model": "admin.logentry",
  "pk": 2,
  "fields": {
    "action_time": "2023-01-03T17:53:02.189Z",
    "user": [
      "Anasse"
    ],
    "content_type": [
      "backend",
      "user"
    ],
    "object_id": "6",
    "object_repr": "anasse123",
    "action_flag": 3,
    "change_message": ""
  }
},
{
  "model": "admin.logentry",
  "pk": 3,
  "fields": {
    "action_time": "2023-01-03T18:02:25.452Z",
    "user": [
      "Anasse"
    ],
    "content_type": [
      "backend",
      "user"
    ],
    "object_id": "9",
    "object_repr": "Fat",
    "action_flag": 3,
    "change_message": ""
  }
},
{
  "model": "admin.logentry",
  "pk": 4,
  "fields": {
    "action_time": "2023-01-03T18:02:29.539Z",
    "user": [
      "Anasse"
    ],
    "content_type": [
      "backend",
      "user"
    ],
    "object_id": "8",
    "object_repr": "anasse456",
    "action_flag": 3,
    "change_message": ""
  }
},
{
  "model": "admin.logentry",
  "pk": 5,
  "fields": {
    "action_time": "2023-01-03T18:02:34.247Z",
    "user": [
      "Anasse"
    ],
    "content_type": [
      "backend",
      "user"
    ],
    "object_id": "7",
    "object_repr": "anasse123",
    "action_flag": 3,
    "change_message": ""
  }
},
{
  "model": "admin.logentry",
  "pk": 6,
  "fields": {
    "action_time": "2023-01-03T18:02:38.091Z",
    "user": [
      "Anasse"
    ],
    "content_type": [
      "backend",
      "user"
    ],
    "object_id": "5",
    "object_repr": "test",
    "action_flag": 3,
    "change_message": ""
  }
},
{
  "model": "admin.logentry",
  "pk": 7,
  "fields": {
    "action_time": "2023-01-03T18:16:56.186Z",
    "user": [
      "Anasse"
    ],
    "content_type": [
      "backend",
      "user"
    ],
    "object_id": "12",
    "object_repr": "feazfzzec",
    "action_flag": 3,
    "change_message": ""
  }
},
{
  "model": "admin.logentry",
  "pk": 8,
  "fields": {
    "action_time": "2023-01-03T18:17:00.289Z",
    "user": [
      "Anasse"
    ],
    "content_type": [
      "backend",
      "user"
    ],
    "object_id": "11",
    "object_repr": "kaka",
    "action_flag": 3,
    "change_message": ""
  }
},
{
  "model": "admin.logentry",
  "pk": 9,
  "fields": {
    "action_time": "2023-01-03T18:17:03.959Z",
    "user": [
      "Anasse"
    ],
    "content_type": [
      "backend",
      "user"
    ],
    "object_id": "10",
    "object_repr": "Fat",
    "action_flag": 3,
    "change_message": ""
  }
},
{
  "model": "admin.logentry",
  "pk": 10,
  "fields": {
    "action_time": "2023-01-03T18:17:45.283Z",
    "user": [
      "Anasse"
    ],
    "content_type": [
      "backend",
      "user"
    ],
    "object_id": "13",
    "object_repr": "SALUT",
    "action_flag": 3,
    "change_message": ""
  }
},
{
  "model": "admin.logentry",
  "pk": 11,
  "fields": {
    "action_time": "2023-01-03T18:19:38.138Z",
    "user": [
      "Anasse"
    ],
    "content_type": [
      "backend",
      "user"
    ],
    "object_id": "14",
    "object_repr": "SALUT",
    "action_flag": 3,
    "change_message": ""
  }
},
{
  "model": "admin.logentry",
  "pk": 12,
  "fields": {
    "action_time": "2023-01-03T18:39:21.859Z",
    "user": [
      "Anasse"
    ],
    "content_type": [
      "backend",
      "user"
    ],
    "object_id": "22",
    "object_repr": "qsdd",
    "action_flag": 3,
    "change_message": ""
  }
},
{
  "model": "admin.logentry",
  "pk": 13,
  "fields": {
    "action_time": "2023-01-03T18:39:27.314Z",
    "user": [
      "Anasse"
    ],
    "content_type": [
      "backend",
      "user"
    ],
    "object_id": "21",
    "object_repr": "qsd",
    "action_flag": 3,
    "change_message": ""
  }
},
{
  "model": "admin.logentry",
  "pk": 14,
  "fields": {
    "action_time": "2023-01-03T18:39:31.413Z",
    "user": [
      "Anasse"
    ],
    "content_type": [
      "backend",
      "user"
    ],
    "object_id": "20",
    "object_repr": "Fatttd",
    "action_flag": 3,
    "change_message": ""
  }
},
{
  "model": "admin.logentry",
  "pk": 15,
  "fields": {
    "action_time": "2023-01-03T18:39:36.548Z",
    "user": [
      "Anasse"
    ],
    "content_type": [
      "backend",
      "user"
    ],
    "object_id": "19",
    "object_repr": "Fattt",
    "action_flag": 3,
    "change_message": ""
  }
},
{
  "model": "admin.logentry",
  "pk": 16,
  "fields": {
    "action_time": "2023-01-03T18:39:41.928Z",
    "user": [
      "Anasse"
    ],
    "content_type": [
      "backend",
      "user"
    ],
    "object_id": "18",
    "object_repr": "xsz",
    "action_flag": 3,
    "change_message": ""
  }
},
{
  "model": "admin.logentry",
  "pk": 17,
  "fields": {
    "action_time": "2023-01-03T18:40:23.634Z",
    "user": [
      "Anasse"
    ],
    "content_type": [
      "backend",
      "user"
    ],
    "object_id": "17",
    "object_repr": "CAMARCHE2",
    "action_flag": 3,
    "change_message": ""
  }
},
{
  "model": "admin.logentry",
  "pk": 18,
  "fields": {
    "action_time": "2023-01-03T18:40:27.937Z",
    "user": [
      "Anasse"
    ],
    "content_type": [
      "backend",
      "user"
    ],
    "object_id": "16",
    "object_repr": "CAMARCHE",
    "action_flag": 3,
    "change_message": ""
  }
},
{
  "model": "admin.logentry",
  "pk": 19,
  "fields": {
    "action_time": "2023-01-03T18:40:31.400Z",
    "user": [
      "Anasse"
    ],
    "content_type": [
      "backend",
      "user"
    ],
    "object_id": "15",
    "object_repr": "brrrrr",
    "action_flag": 3,
    "change_message": ""
  }
},
{
  "model": "admin.logentry",
  "pk": 20,
  "fields": {
    "action_time": "2023-01-03T18:43:13.244Z",
    "user": [
      "Anasse"
    ],
    "content_type": [
      "backend",
      "user"
    ],
    "object_id": "23",
    "object_repr": "CAMARCHE",
    "action_flag": 3,
    "change_message": ""
  }
},
{
  "model": "admin.logentry",
  "pk": 21,
  "fields": {
    "action_time": "2023-01-03T18:44:06.391Z",
    "user": [
      "Anasse"
    ],
    "content_type": [
      "backend",
      "user"
    ],
    "object_id": "25",
    "object_repr": "CAMARCHE3d",
    "action_flag": 3,
    "change_message": ""
  }
},
{
  "model": "admin.logentry",
  "pk": 22,
  "fields": {
    "action_time": "2023-01-03T18:44:06.403Z",
    "user": [
      "Anasse"
    ],
    "content_type": [
      "backend",
      "user"
    ],
    "object_id": "24",
    "object_repr": "CAMARCHE3",
    "action_flag": 3,
    "change_message": ""
  }
},
{
  "model": "admin.logentry",
  "pk": 23,
  "fields": {
    "action_time": "2023-01-03T18:48:03.052Z",
    "user": [
      "Anasse"
    ],
    "content_type": [
      "backend",
      "user"
    ],
    "object_id": "27",
    "object_repr": "CRARIII",
    "action_flag": 3,
    "change_message": ""
  }
},
{
  "model": "admin.logentry",
  "pk": 24,
  "fields": {
    "action_time": "2023-01-03T18:48:03.065Z",
    "user": [
      "Anasse"
    ],
    "content_type": [
      "backend",
      "user"
    ],
    "object_id": "26",
    "object_repr": "leto",
    "action_flag": 3,
    "change_message": ""
  }
},
{
  "model": "admin.logentry",
  "pk": 25,
  "fields": {
    "action_time": "2023-01-06T16:20:04.550Z",
    "user": [
      "Anasse"
    ],
    "content_type": [
      "backend",
      "user"
    ],
    "object_id": "28",
    "object_repr": "freza",
    "action_flag": 3,
    "change_message": ""
  }
},
{
  "model": "admin.logentry",
  "pk": 26,
  "fields": {
    "action_time": "2023-01-06T16:48:13.617Z",
    "user": [
      "Anasse"
    ],
    "content_type": [
      "backend",
      "user"
    ],
    "object_id": "32",
    "object_repr": "dsqddaz",
    "action_flag": 3,
    "change_message": ""
  }
},
{
  "model": "admin.logentry",
  "pk": 27,
  "fields": {
    "action_time": "2023-01-06T16:48:13.630Z",
    "user": [
      "Anasse"
    ],
    "content_type": [
      "backend",
      "user"
    ],
    "object_id": "31",
    "object_repr": "dzadaz",
    "action_flag": 3,
    "change_message": ""
  }
},
{
  "model": "admin.logentry",
  "pk": 28,
  "fields": {
    "action_time": "2023-01-06T16:48:13.636Z",
    "user": [
      "Anasse"
    ],
    "content_type": [
      "backend",
      "user"
    ],
    "object_id": "30",
    "object_repr": "dzasq",
    "action_flag": 3,
    "change_message": ""
  }
},
{
  "model": "admin.logentry",
  "pk": 29,
  "fields": {
    "action_time": "2023-01-06T16:48:13.642Z",
    "user": [
      "Anasse"
    ],
    "content_type": [
      "backend",
      "user"
    ],
    "object_id": "29",
    "object_repr": "greaz",
    "action_flag": 3,
    "change_message": ""
  }
},
{
  "model": "admin.logentry",
  "pk": 30,
  "fields": {
    "action_time": "2023-01-06T16:56:16.430Z",
    "user": [
      "Anasse"
    ],
    "content_type": [
      "backend",
      "user"
    ],
    "object_id": "35",
    "object_repr": "Fatimaaa",
    "action_flag": 3,
    "change_message": ""
  }
},
{
  "model": "admin.logentry",
  "pk": 31,
  "fields": {
    "action_time": "2023-01-06T16:56:16.443Z",
    "user": [
      "Anasse"
    ],
    "content_type": [
      "backend",
      "user"
    ],
    "object_id": "34",
    "object_repr": "anasseeeeeee",
    "action_flag": 3,
    "change_message": ""
  }
},
{
  "model": "admin.logentry",
  "pk": 32,
  "fields": {
    "action_time": "2023-01-06T16:56:16.450Z",
    "user": [
      "Anasse"
    ],
    "content_type": [
      "backend",
      "user"
    ],
    "object_id": "33",
    "object_repr": "dsqddaz",
    "action_flag": 3,
    "change_message": ""
  }
},
{
  "model": "admin.logentry",
  "pk": 33,
  "fields": {
    "action_time": "2023-01-06T17:28:03.254Z",
    "user": [
      "Anasse"
    ],
    "content_type": [
      "backend",
      "user"
    ],
    "object_id": "40",
    "object_repr": "test456789",
    "action_flag": 3,
    "change_message": ""
  }
},
{
  "model": "admin.logentry",
  "pk": 34,
  "fields": {
    "action_time": "2023-01-06T17:28:03.261Z",
    "user": [
      "Anasse"
    ],
    "content_type": [
      "backend",
      "user"
    ],
    "object_id": "39",
    "object_repr": "Fatimaaa",
    "action_flag": 3,
    "change_message": ""
  }
},
{
  "model": "admin.logentry",
  "pk": 35,
  "fields": {
    "action_time": "2023-01-06T17:28:03.266Z",
    "user": [
      "Anasse"
    ],
    "content_type": [
      "backend",
      "user"
    ],
    "object_id": "38",
    "object_repr": "fdqsa",
    "action_flag": 3,
    "change_message": ""
  }
},
{
  "model": "admin.logentry",
  "pk": 36,
  "fields": {
    "action_time": "2023-01-06T17:28:03.273Z",
    "user": [
      "Anasse"
    ],
    "content_type": [
      "backend",
      "user"
    ],
    "object_id": "37",
    "object_repr": "testttt",
    "action_flag": 3,
    "change_message": ""
  }
},
{
  "model": "admin.logentry",
  "pk": 37,
  "fields": {
    "action_time": "2023-01-06T17:28:03.278Z",
    "user": [
      "Anasse"
    ],
    "content_type": [
      "backend",
      "user"
    ],
    "object_id": "36",
    "object_repr": "fadereza",
    "action_flag": 3,
    "change_message": ""
  }
},
{
  "model": "admin.logentry",
  "pk": 38,
  "fields": {
    "action_time": "2023-01-06T18:42:44.731Z",
    "user": [
      "Anasse"
    ],
    "content_type": [
      "backend",
      "user"
    ],
    "object_id": "41",
    "object_repr": "TESTTT123456",
    "action_flag": 3,
    "change_message": ""
  }
},
{
  "model": "admin.logentry",
  "pk": 39,
  "fields": {
    "action_time": "2023-01-06T20:19:45.145Z",
    "user": [
      "Anasse"
    ],
    "content_type": [
      "backend",
      "user"
    ],
    "object_id": "1",
    "object_repr": "Anasse",
    "action_flag": 2,
    "change_message": "[{\"changed\": {\"fields\": [\"Gender\", \"Is artist\"]}}]"
  }
},
{
  "model": "admin.logentry",
  "pk": 40,
  "fields": {
    "action_time": "2023-01-06T20:20:00.584Z",
    "user": [
      "Anasse"
    ],
    "content_type": [
      "backend",
      "user"
    ],
    "object_id": "2",
    "object_repr": "Naps",
    "action_flag": 2,
    "change_message": "[{\"changed\": {\"fields\": [\"Gender\"]}}]"
  }
},
{
  "model": "admin.logentry",
  "pk": 41,
  "fields": {
    "action_time": "2023-01-06T20:20:09.486Z",
    "user": [
      "Anasse"
    ],
    "content_type": [
      "backend",
      "user"
    ],
    "object_id": "3",
    "object_repr": "Clementino",
    "action_flag": 2,
    "change_message": "[{\"changed\": {\"fields\": [\"Gender\"]}}]"
  }
},
{
  "model": "admin.logentry",
  "pk": 42,
  "fields": {
    "action_time": "2023-01-06T20:20:15.810Z",
    "user": [
      "Anasse"
    ],
    "content_type": [
      "backend",
      "user"
    ],
    "object_id": "4",
    "object_repr": "david",
    "action_flag": 2,
    "change_message": "[{\"changed\": {\"fields\": [\"Gender\"]}}]"
  }
},
{
  "model": "admin.logentry",
  "pk": 43,
  "fields": {
    "action_time": "2023-01-06T20:32:21.259Z",
    "user": [
      "Anasse"
    ],
    "content_type": [
      "backend",
      "user"
    ],
    "object_id": "5",
    "object_repr": "TEST",
    "action_flag": 3,
    "change_message": ""
  }
},
{
  "model": "admin.logentry",
  "pk": 44,
  "fields": {
    "action_time": "2023-01-17T21:40:54.187Z",
    "user": [
      "Anasse"
    ],
    "content_type": [
      "backend",
      "user"
    ],
    "object_id": "7",
    "object_repr": "test",
    "action_flag": 3,
    "change_message": ""
  }
},
{
  "model": "admin.logentry",
  "pk": 45,
  "fields": {
    "action_time": "2023-01-17T21:40:54.202Z",
    "user": [
      "Anasse"
    ],
    "content_type": [
      "backend",
      "user"
    ],
    "object_id": "6",
    "object_repr": "TEST",
    "action_flag": 3,
    "change_message": ""
  }
},
{
  "model": "admin.logentry",
  "pk": 46,
  "fields": {
    "action_time": "2023-01-17T21:57:20.745Z",
    "user": [
      "Anasse"
    ],
    "content_type": [
      "backend",
      "user"
    ],
    "object_id": "8",
    "object_repr": "test",
    "action_flag": 3,
    "change_message": ""
  }
},
{
  "model": "admin.logentry",
  "pk": 47,
  "fields": {
    "action_time": "2023-01-17T22:07:47.485Z",
    "user": [
      "Anasse"
    ],
    "content_type": [
      "backend",
      "user"
    ],
    "object_id": "9",
    "object_repr": "test",
    "action_flag": 3,
    "change_message": ""
  }
},
{
  "model": "admin.logentry",
  "pk": 48,
  "fields": {
    "action_time": "2023-01-17T22:31:36.676Z",
    "user": [
      "Anasse"
    ],
    "content_type": [
      "backend",
      "user"
    ],
    "object_id": "10",
    "object_repr": "test",
    "action_flag": 3,
    "change_message": ""
  }
},
{
  "model": "admin.logentry",
  "pk": 49,
  "fields": {
    "action_time": "2023-01-17T22:34:39.676Z",
    "user": [
      "Anasse"
    ],
    "content_type": [
      "backend",
      "user"
    ],
    "object_id": "11",
    "object_repr": "test",
    "action_flag": 3,
    "change_message": ""
  }
},
{
  "model": "admin.logentry",
  "pk": 50,
  "fields": {
    "action_time": "2023-01-17T23:25:17.895Z",
    "user": [
      "Anasse"
    ],
    "content_type": [
      "backend",
      "user"
    ],
    "object_id": "1",
    "object_repr": "Anasse",
    "action_flag": 2,
    "change_message": "[{\"changed\": {\"fields\": [\"Gender\", \"Profile picture\"]}}]"
  }
},
{
  "model": "admin.logentry",
  "pk": 51,
  "fields": {
    "action_time": "2023-01-17T23:54:35.181Z",
    "user": [
      "Anasse"
    ],
    "content_type": [
      "backend",
      "song"
    ],
    "object_id": "2",
    "object_repr": "Song object (2)",
    "action_flag": 1,
    "change_message": "[{\"added\": {}}]"
  }
},
{
  "model": "admin.logentry",
  "pk": 52,
  "fields": {
    "action_time": "2023-01-17T23:56:43.311Z",
    "user": [
      "Anasse"
    ],
    "content_type": [
      "backend",
      "song"
    ],
    "object_id": "2",
    "object_repr": "Song object (2)",
    "action_flag": 2,
    "change_message": "[]"
  }
},
{
  "model": "admin.logentry",
  "pk": 53,
  "fields": {
    "action_time": "2023-01-17T23:56:53.677Z",
    "user": [
      "Anasse"
    ],
    "content_type": [
      "backend",
      "song"
    ],
    "object_id": "1",
    "object_repr": "Song object (1)",
    "action_flag": 2,
    "change_message": "[]"
  }
},
{
  "model": "admin.logentry",
  "pk": 54,
  "fields": {
    "action_time": "2023-01-17T23:57:35.152Z",
    "user": [
      "Anasse"
    ],
    "content_type": [
      "backend",
      "user"
    ],
    "object_id": "13",
    "object_repr": "test123",
    "action_flag": 2,
    "change_message": "[{\"changed\": {\"fields\": [\"Gender\", \"Profile picture\"]}}]"
  }
},
{
  "model": "admin.logentry",
  "pk": 55,
  "fields": {
    "action_time": "2023-01-17T23:57:38.994Z",
    "user": [
      "Anasse"
    ],
    "content_type": [
      "backend",
      "user"
    ],
    "object_id": "13",
    "object_repr": "test123",
    "action_flag": 2,
    "change_message": "[]"
  }
},
{
  "model": "admin.logentry",
  "pk": 56,
  "fields": {
    "action_time": "2023-01-18T00:00:16.890Z",
    "user": [
      "Anasse"
    ],
    "content_type": [
      "backend",
      "user"
    ],
    "object_id": "13",
    "object_repr": "test123",
    "action_flag": 2,
    "change_message": "[{\"changed\": {\"fields\": [\"Profile picture\"]}}]"
  }
},
{
  "model": "admin.logentry",
  "pk": 57,
  "fields": {
    "action_time": "2023-01-18T00:02:11.926Z",
    "user": [
      "Anasse"
    ],
    "content_type": [
      "backend",
      "user"
    ],
    "object_id": "13",
    "object_repr": "test123",
    "action_flag": 3,
    "change_message": ""
  }
},
{
  "model": "admin.logentry",
  "pk": 58,
  "fields": {
    "action_time": "2023-01-18T00:08:34.428Z",
    "user": [
      "Anasse"
    ],
    "content_type": [
      "backend",
      "user"
    ],
    "object_id": "15",
    "object_repr": "fatima",
    "action_flag": 3,
    "change_message": ""
  }
},
{
  "model": "admin.logentry",
  "pk": 59,
  "fields": {
    "action_time": "2023-01-18T00:08:34.433Z",
    "user": [
      "Anasse"
    ],
    "content_type": [
      "backend",
      "user"
    ],
    "object_id": "14",
    "object_repr": "Napsito",
    "action_flag": 3,
    "change_message": ""
  }
},
{
  "model": "admin.logentry",
  "pk": 60,
  "fields": {
    "action_time": "2023-01-18T00:08:34.438Z",
    "user": [
      "Anasse"
    ],
    "content_type": [
      "backend",
      "user"
    ],
    "object_id": "12",
    "object_repr": "Aria",
    "action_flag": 3,
    "change_message": ""
  }
},
{
  "model": "admin.logentry",
  "pk": 61,
  "fields": {
    "action_time": "2023-01-18T00:13:21.219Z",
    "user": [
      "Anasse"
    ],
    "content_type": [
      "backend",
      "user"
    ],
    "object_id": "17",
    "object_repr": "fatafata",
    "action_flag": 3,
    "change_message": ""
  }
},
{
  "model": "admin.logentry",
  "pk": 62,
  "fields": {
    "action_time": "2023-01-18T00:13:21.232Z",
    "user": [
      "Anasse"
    ],
    "content_type": [
      "backend",
      "user"
    ],
    "object_id": "16",
    "object_repr": "fatima",
    "action_flag": 3,
    "change_message": ""
  }
},
{
  "model": "admin.logentry",
  "pk": 63,
  "fields": {
    "action_time": "2023-01-18T00:13:59.533Z",
    "user": [
      "Anasse"
    ],
    "content_type": [
      "backend",
      "user"
    ],
    "object_id": "18",
    "object_repr": "Fatima",
    "action_flag": 3,
    "change_message": ""
  }
},
{
  "model": "admin.logentry",
  "pk": 64,
  "fields": {
    "action_time": "2023-01-18T11:12:12.878Z",
    "user": [
      "Anasse"
    ],
    "content_type": [
      "backend",
      "user"
    ],
    "object_id": "1",
    "object_repr": "Anasse",
    "action_flag": 2,
    "change_message": "[{\"changed\": {\"fields\": [\"Profile picture\"]}}]"
  }
},
{
  "model": "admin.logentry",
  "pk": 65,
  "fields": {
    "action_time": "2023-01-18T11:12:38.342Z",
    "user": [
      "Anasse"
    ],
    "content_type": [
      "backend",
      "user"
    ],
    "object_id": "2",
    "object_repr": "Naps",
    "action_flag": 2,
    "change_message": "[{\"changed\": {\"fields\": [\"Gender\", \"Profile picture\"]}}]"
  }
},
{
  "model": "admin.logentry",
  "pk": 66,
  "fields": {
    "action_time": "2023-01-18T11:12:59.888Z",
    "user": [
      "Anasse"
    ],
    "content_type": [
      "backend",
      "user"
    ],
    "object_id": "3",
    "object_repr": "Clementino",
    "action_flag": 2,
    "change_message": "[{\"changed\": {\"fields\": [\"Gender\", \"Profile picture\"]}}]"
  }
},
{
  "model": "admin.logentry",
  "pk": 67,
  "fields": {
    "action_time": "2023-01-18T11:13:11.347Z",
    "user": [
      "Anasse"
    ],
    "content_type": [
      "backend",
      "user"
    ],
    "object_id": "19",
    "object_repr": "Fatima",
    "action_flag": 3,
    "change_message": ""
  }
},
{
  "model": "admin.logentry",
  "pk": 68,
  "fields": {
    "action_time": "2023-01-18T11:13:11.360Z",
    "user": [
      "Anasse"
    ],
    "content_type": [
      "backend",
      "user"
    ],
    "object_id": "4",
    "object_repr": "david",
    "action_flag": 3,
    "change_message": ""
  }
},
{
  "model": "admin.logentry",
  "pk": 69,
  "fields": {
    "action_time": "2023-01-18T11:16:53.918Z",
    "user": [
      "Anasse"
    ],
    "content_type": [
      "backend",
      "song"
    ],
    "object_id": "1",
    "object_repr": "Song object (1)",
    "action_flag": 2,
    "change_message": "[{\"changed\": {\"fields\": [\"Song cover\"]}}]"
  }
},
{
  "model": "admin.logentry",
  "pk": 70,
  "fields": {
    "action_time": "2023-01-18T17:09:19.720Z",
    "user": [
      "Anasse"
    ],
    "content_type": [
      "backend",
      "comment"
    ],
    "object_id": "2",
    "object_repr": "Comment object (2)",
    "action_flag": 2,
    "change_message": "[{\"changed\": {\"fields\": [\"User id\"]}}]"
  }
},
{
  "model": "admin.logentry",
  "pk": 71,
  "fields": {
    "action_time": "2023-01-18T17:22:13.423Z",
    "user": [
      "Anasse"
    ],
    "content_type": [
      "backend",
      "like"
    ],
    "object_id": "3",
    "object_repr": "Like object (3)",
    "action_flag": 3,
    "change_message": ""
  }
},
{
  "model": "admin.logentry",
  "pk": 72,
  "fields": {
    "action_time": "2023-01-18T17:22:13.432Z",
    "user": [
      "Anasse"
    ],
    "content_type": [
      "backend",
      "like"
    ],
    "object_id": "2",
    "object_repr": "Like object (2)",
    "action_flag": 3,
    "change_message": ""
  }
},
{
  "model": "admin.logentry",
  "pk": 73,
  "fields": {
    "action_time": "2023-01-18T17:32:48.732Z",
    "user": [
      "Anasse"
    ],
    "content_type": [
      "backend",
      "like"
    ],
    "object_id": "3",
    "object_repr": "Like object (3)",
    "action_flag": 3,
    "change_message": ""
  }
},
{
  "model": "admin.logentry",
  "pk": 74,
  "fields": {
    "action_time": "2023-01-18T17:32:48.745Z",
    "user": [
      "Anasse"
    ],
    "content_type": [
      "backend",
      "like"
    ],
    "object_id": "2",
    "object_repr": "Like object (2)",
    "action_flag": 3,
    "change_message": ""
  }
},
{
  "model": "admin.logentry",
  "pk": 75,
  "fields": {
    "action_time": "2023-01-18T17:41:51.199Z",
    "user": [
      "Anasse"
    ],
    "content_type": [
      "backend",
      "like"
    ],
    "object_id": "2",
    "object_repr": "Like object (2)",
    "action_flag": 3,
    "change_message": ""
  }
},
{
  "model": "admin.logentry",
  "pk": 76,
  "fields": {
    "action_time": "2023-01-18T17:45:12.366Z",
    "user": [
      "Anasse"
    ],
    "content_type": [
      "backend",
      "like"
    ],
    "object_id": "3",
    "object_repr": "Like object (3)",
    "action_flag": 3,
    "change_message": ""
  }
},
{
  "model": "admin.logentry",
  "pk": 77,
  "fields": {
    "action_time": "2023-01-23T20:16:38.507Z",
    "user": [
      "Anasse"
    ],
    "content_type": [
      "backend",
      "user"
    ],
    "object_id": "1",
    "object_repr": "Anasse",
    "action_flag": 2,
    "change_message": "[{\"changed\": {\"fields\": [\"Username\"]}}]"
  }
},
{
  "model": "admin.logentry",
  "pk": 78,
  "fields": {
    "action_time": "2023-01-23T20:16:38.563Z",
    "user": [
      "Anasse"
    ],
    "content_type": [
      "backend",
      "user"
    ],
    "object_id": "1",
    "object_repr": "Anasse",
    "action_flag": 2,
    "change_message": "[]"
  }
},
{
  "model": "admin.logentry",
  "pk": 79,
  "fields": {
    "action_time": "2023-01-25T09:19:58.944Z",
    "user": [
      "Anasse"
    ],
    "content_type": [
      "backend",
      "user"
    ],
    "object_id": "3",
    "object_repr": "Clementino",
    "action_flag": 3,
    "change_message": ""
  }
},
{
  "model": "admin.logentry",
  "pk": 80,
  "fields": {
    "action_time": "2023-01-25T09:19:58.957Z",
    "user": [
      "Anasse"
    ],
    "content_type": [
      "backend",
      "user"
    ],
    "object_id": "2",
    "object_repr": "Naps",
    "action_flag": 3,
    "change_message": ""
  }
}
]
